date,ticker,prev_close,predicted_pct,predicted_direction,confidence,source,actual_close,actual_pct,actual_direction,hit
2026-08-06,AAPL,311.0,-1.94,down,95,heuristic,311.0,0.0,up,False
2026-08-06,MSFT,487.4599914550781,2.4,up,80,heuristic,487.4599914550781,0.0,up,True
2026-08-06,GOOGL,362.4299926757813,2.01,up,95,heuristic,362.4299926757813,-0.0,up,True
2026-08-06,AMZN,272.6499938964844,2.5,up,95,heuristic,272.6499938964844,0.0,up,True
2026-08-06,NVDA,219.22000122070312,0.4,up,73,heuristic,219.22000122070312,0.0,up,True
2026-08-07,AAPL,312.215087890625,-0.09,down,40,ml,313.3299865722656,0.36,up,False
2026-08-07,MSFT,502.4226989746094,-0.17,down,41,ml,499.989990234375,-0.48,down,True
2026-08-07,GOOGL,356.32501220703125,0.01,up,40,ml,354.29998779296875,-0.57,down,False
2026-08-07,AMZN,275.1300048828125,0.09,up,40,ml,274.4800109863281,-0.24,down,False
2026-08-07,NVDA,221.125,0.39,up,43,ml,223.9600067138672,1.28,up,True
2026-08-10,AAPL,306.7250061035156,-0.03,down,40,ml,308.260009765625,0.5,up,False
2026-08-10,MSFT,510.2799987792969,-0.44,down,43,ml,506.05999755859375,-0.83,down,True
2026-08-10,GOOGL,355.5799865722656,0.09,up,40,ml,357.5199890136719,0.55,up,True
2026-08-10,AMZN,277.1698913574219,-0.17,down,41,ml,278.0899963378906,0.33,up,False
2026-08-10,NVDA,221.3500061035156,0.0,up,40,ml,217.5500030517578,-1.72,down,False
2026-08-11,AAPL,306.5,-0.0,up,40,ml,304.9100036621094,-0.52,down,False
2026-08-11,MSFT,501.9400024414063,-0.14,down,41,ml,503.80999755859375,0.37,up,False
2026-08-11,GOOGL,351.9200134277344,0.01,up,40,ml,343.79998779296875,-2.31,down,False
2026-08-11,AMZN,274.8500061035156,-0.4,down,43,ml,272.2699890136719,-0.94,down,True
2026-08-11,NVDA,219.4199981689453,0.08,up,40,ml,217.5,-0.88,down,False
2026-08-12,AAPL,302.3399963378906,0.0,up,40,ml,302.25,-0.03,down,False
2026-08-12,MSFT,495.375,0.25,up,42,ml,492.4299926757813,-0.59,down,False
2026-08-12,GOOGL,342.5350036621094,-0.04,down,40,ml,343.5400085449219,0.29,up,False
2026-08-12,AMZN,270.07000732421875,-0.32,down,42,ml,267.2799987792969,-1.03,down,True
2026-08-12,NVDA,223.259994506836,0.32,up,42,ml,224.08999633789065,0.37,up,True
2026-08-13,AAPL,304.2200012207031,0.1,up,40,ml,305.260009765625,0.34,up,True
2026-08-13,MSFT,500.4775085449219,0.78,up,46,ml,496.8800048828125,-0.72,down,False
2026-08-13,GOOGL,347.7349853515625,-0.04,down,40,ml,346.3599853515625,-0.4,down,True
2026-08-13,AMZN,268.82501220703125,-0.6,down,44,ml,265.1300048828125,-1.37,down,True
2026-08-13,NVDA,225.8500061035156,0.18,up,41,ml,225.3000030517578,-0.24,down,False
2026-08-14,AAPL,305.5400085449219,0.03,up,40,ml,305.92999267578125,0.13,up,True
2026-08-14,MSFT,497.8200988769531,0.26,up,42,ml,495.3999938964844,-0.49,down,False
2026-08-14,GOOGL,347.8999938964844,-0.07,down,40,ml,345.8999938964844,-0.57,down,True
2026-08-14,AMZN,264.5400085449219,0.19,up,41,ml,262.6499938964844,-0.71,down,False
2026-08-14,NVDA,225.6999969482422,-0.06,down,40,ml,225.1600036621093,-0.24,down,True
2026-08-17,AAPL,306.2550048828125,-0.01,down,40,ml,305.5899963378906,-0.22,down,True
2026-08-17,MSFT,489.8299865722656,0.84,up,46,ml,480.3500061035156,-1.94,down,False
2026-08-17,GOOGL,345.285400390625,-0.02,down,40,ml,344.0,-0.37,down,True
2026-08-17,AMZN,262.3500061035156,-0.02,down,40,ml,261.3099975585937,-0.4,down,True
2026-08-17,NVDA,225.5997009277344,-0.03,down,40,ml,225.009994506836,-0.26,down,True
2026-08-18,AAPL,306.4599914550781,-0.01,down,40,ml,310.0299987792969,1.16,up,False
2026-08-18,MSFT,483.80999755859375,0.56,up,44,ml,481.6300048828125,-0.45,down,False
2026-08-18,GOOGL,342.8598937988281,-0.02,down,40,ml,344.20001220703125,0.39,up,False
2026-08-18,AMZN,259.7149963378906,0.24,up,41,ml,259.45001220703125,-0.1,down,False
2026-08-18,NVDA,221.1600036621093,-0.1,down,40,ml,219.7400054931641,-0.64,down,True
2026-08-19,AAPL,311.3999938964844,0.0,up,40,ml,316.8299865722656,1.74,up,True
2026-08-19,MSFT,481.760009765625,0.01,up,40,ml,484.30999755859375,0.53,up,True
2026-08-19,GOOGL,342.0473937988281,-0.03,down,40,ml,344.7200012207031,0.78,up,False
2026-08-19,AMZN,259.0150146484375,0.02,up,40,ml,265.8399963378906,2.63,up,True
2026-08-19,NVDA,219.72000122070312,-0.04,down,40,ml,217.5599975585937,-0.98,down,True
2026-08-20,AAPL,318.06500244140625,-0.0,up,40,ml,311.29998779296875,-2.13,down,False
2026-08-20,MSFT,482.8999938964844,0.08,up,40,ml,481.1499938964844,-0.36,down,False
2026-08-20,GOOGL,343.1700134277344,-0.03,down,40,ml,340.6700134277344,-0.73,down,True
2026-08-20,AMZN,263.65008544921875,0.01,up,40,ml,260.1099853515625,-1.34,down,False
2026-08-20,NVDA,219.1999969482422,-0.07,down,40,ml,216.8500061035156,-1.07,down,True
2026-08-21,AAPL,308.239990234375,-0.0,up,40,ml,309.3500061035156,0.36,up,True
2026-08-21,MSFT,482.6600036621094,0.11,up,40,ml,483.239990234375,0.12,up,True
2026-08-21,GOOGL,341.92498779296875,-0.01,down,40,ml,344.82000732421875,0.85,up,False
2026-08-21,AMZN,258.3841857910156,-0.05,down,40,ml,258.6300048828125,0.1,up,False
2026-08-21,NVDA,217.1300048828125,0.01,up,40,ml,214.72000122070312,-1.11,down,False
2026-08-24,AAPL,311.8349914550781,0.05,up,40,ml,310.3399963378906,-0.48,down,False
2026-08-24,MSFT,486.7200012207031,0.17,up,41,ml,487.30999755859375,0.12,up,True
2026-08-24,GOOGL,348.0050048828125,0.06,up,40,ml,348.0599975585937,0.02,up,True
2026-08-24,AMZN,261.32000732421875,0.05,up,40,ml,262.07000732421875,0.29,up,True
2026-08-24,NVDA,209.5850067138672,0.09,up,40,ml,208.47999572753903,-0.53,down,False
2026-08-25,AAPL,310.7699890136719,0.04,up,40,ml,309.8999938964844,-0.28,down,False
2026-08-25,MSFT,489.7550048828125,0.18,up,41,ml,491.7099914550781,0.4,up,True
2026-08-25,GOOGL,349.3800048828125,-0.05,down,40,ml,346.9599914550781,-0.69,down,True
2026-08-25,AMZN,262.5950012207031,0.06,up,40,ml,261.0599975585937,-0.58,down,False
2026-08-25,NVDA,213.49989318847656,0.04,up,40,ml,213.0500030517578,-0.21,down,False
2026-08-26,AAPL,311.4849853515625,0.05,up,40,ml,313.45001220703125,0.63,up,True
2026-08-26,MSFT,494.5700073242188,0.06,up,40,ml,496.3699951171875,0.36,up,True
2026-08-26,GOOGL,344.1700134277344,-0.05,down,40,ml,342.0,-0.63,down,True
2026-08-26,AMZN,260.4601135253906,0.05,up,40,ml,260.2799987792969,-0.07,down,False
2026-08-26,NVDA,212.2250061035156,0.03,up,40,ml,209.6600036621093,-1.21,down,False
2026-08-27,AAPL,314.5799865722656,0.03,up,40,ml,314.5799865722656,0.0,up,True
2026-08-27,MSFT,505.05999755859375,0.18,up,41,ml,505.05999755859375,0.0,up,True
2026-08-27,GOOGL,340.6499938964844,-0.06,down,40,ml,340.6499938964844,0.0,up,False
2026-08-27,AMZN,256.260009765625,0.04,up,40,ml,256.260009765625,0.0,up,True
2026-08-27,NVDA,227.97999572753903,-1.22,down,49,ml,227.97999572753903,0.0,up,False
2026-08-28,AAPL,319.70001220703125,0.06,up,40,ml,319.70001220703125,0.0,up,True
2026-08-28,MSFT,513.530029296875,0.18,up,41,ml,513.530029296875,0.0,up,True
2026-08-28,GOOGL,346.5899963378906,0.02,up,40,ml,346.5899963378906,0.0,up,True
2026-08-28,AMZN,266.42999267578125,0.41,up,43,ml,266.42999267578125,0.0,up,True
2026-08-28,NVDA,217.5500030517578,0.22,up,41,ml,217.5500030517578,0.0,up,True
2026-08-31,AAPL,315.8725891113281,0.03,up,40,ml,316.8500061035156,0.31,up,True
2026-08-31,MSFT,510.1099853515625,0.1,up,40,ml,507.2900085449219,-0.55,down,False
2026-08-31,GOOGL,338.5,-0.03,down,40,ml,339.3500061035156,0.25,up,False
2026-08-31,AMZN,258.9549865722656,0.02,up,40,ml,259.7699890136719,0.31,up,True
2026-08-31,NVDA,219.2601013183593,0.17,up,41,ml,220.77999877929688,0.69,up,True
2026-09-01,AAPL,325.0450134277344,-0.02,down,40,ml,325.1300048828125,0.03,up,False
2026-09-01,MSFT,500.2000122070313,0.02,up,40,ml,501.0199890136719,0.16,up,True
2026-09-01,GOOGL,335.364990234375,-0.01,down,40,ml,335.0199890136719,-0.1,down,True
2026-09-01,AMZN,254.34500122070312,0.04,up,40,ml,254.9199981689453,0.23,up,True
2026-09-01,NVDA,218.6000061035156,0.12,up,40,ml,217.44000244140625,-0.53,down,False
2026-09-02,AAPL,326.010009765625,0.0,up,40,ml,324.9599914550781,-0.32,down,False
2026-09-02,MSFT,495.9100036621094,0.02,up,40,ml,496.8200073242188,0.18,up,True
2026-09-02,GOOGL,338.135009765625,-0.01,down,40,ml,337.1199951171875,-0.3,down,True
2026-09-02,AMZN,255.1600036621093,-0.0,up,40,ml,254.97999572753903,-0.07,down,False
2026-09-02,NVDA,225.7801055908203,0.35,up,42,ml,224.4100036621093,-0.61,down,False
2026-09-03,AAPL,329.1700134277344,0.0,up,40,ml,328.2099914550781,-0.29,down,False
2026-09-03,MSFT,511.2699890136719,0.27,up,42,ml,510.1199951171875,-0.22,down,False
2026-09-03,GOOGL,341.6700134277344,-0.01,down,40,ml,342.4800109863281,0.24,up,False
2026-09-03,AMZN,257.79998779296875,-0.0,up,40,ml,258.8999938964844,0.43,up,True
2026-09-03,NVDA,227.22999572753903,-0.0,up,40,ml,228.4499969482422,0.54,up,True
2026-09-04,AAPL,320.81500244140625,0.04,up,40,ml,319.9700012207031,-0.26,down,False
2026-09-04,MSFT,501.0700073242188,0.01,up,40,ml,499.7000122070313,-0.27,down,False
2026-09-04,GOOGL,338.6272888183594,-0.01,down,40,ml,338.4599914550781,-0.05,down,True
2026-09-04,AMZN,257.0899963378906,-0.0,up,40,ml,258.510009765625,0.55,up,True
2026-09-04,NVDA,231.4550018310547,0.04,up,40,ml,230.3600006103516,-0.47,down,False
2026-09-08,AAPL,316.29998779296875,0.01,up,40,ml,316.2200012207031,-0.03,down,False
2026-09-08,MSFT,492.2200012207031,0.03,up,40,ml,493.9500122070313,0.35,up,True
2026-09-08,GOOGL,339.25,0.0,up,40,ml,338.3599853515625,-0.26,down,False
2026-09-08,AMZN,257.8399963378906,0.02,up,40,ml,256.9700012207031,-0.34,down,False
2026-09-08,NVDA,226.3000030517578,-0.02,down,40,ml,225.72999572753903,-0.25,down,True
2026-09-09,AAPL,314.6199951171875,0.02,up,40,ml,315.3399963378906,0.23,up,True
2026-09-09,MSFT,493.4400024414063,0.02,up,40,ml,491.6499938964844,-0.36,down,False
2026-09-09,GOOGL,330.4549865722656,0.05,up,40,ml,330.6499938964844,0.06,up,True
2026-09-09,AMZN,252.0399932861328,0.07,up,40,ml,252.3999938964844,0.14,up,True
2026-09-09,NVDA,224.19000244140625,0.01,up,40,ml,223.6699981689453,-0.23,down,False
2026-09-10,AAPL,323.614990234375,0.01,up,40,ml,326.57000732421875,0.91,up,True
2026-09-10,MSFT,493.4400024414063,0.02,up,40,ml,492.4400024414063,-0.2,down,False
2026-09-10,GOOGL,331.4700012207031,-0.0,up,40,ml,332.6000061035156,0.34,up,True
2026-09-10,AMZN,252.82009887695312,0.01,up,40,ml,251.88999938964844,-0.37,down,False
2026-09-10,NVDA,218.5850067138672,0.11,up,40,ml,218.3600006103516,-0.1,down,False
2026-09-11,AAPL,334.3999938964844,0.01,up,40,ml,332.2699890136719,-0.64,down,False
2026-09-11,MSFT,494.5299987792969,0.02,up,40,ml,495.6300048828125,0.22,up,True
2026-09-11,GOOGL,340.5599975585937,0.01,up,40,ml,338.5,-0.6,down,False
2026-09-11,AMZN,255.6100006103516,0.01,up,40,ml,256.7799987792969,0.46,up,True
2026-09-11,NVDA,219.02999877929688,0.04,up,40,ml,218.2899932861328,-0.34,down,False
2026-09-14,AAPL,334.2200012207031,0.01,up,40,ml,333.0799865722656,-0.34,down,False
2026-09-14,MSFT,507.7550048828125,0.02,up,40,ml,505.4100036621094,-0.46,down,False
2026-09-14,GOOGL,348.19500732421875,0.03,up,40,ml,349.3900146484375,0.34,up,True
2026-09-14,AMZN,255.25,0.02,up,40,ml,253.5399932861328,-0.67,down,False
2026-09-14,NVDA,212.2015991210937,0.14,up,41,ml,210.9600067138672,-0.59,down,False
2026-09-15,AAPL,329.94000244140625,0.01,up,40,ml,331.3399963378906,0.42,up,True
2026-09-15,MSFT,499.2900085449219,0.03,up,40,ml,497.1199951171875,-0.43,down,False
2026-09-15,GOOGL,343.0199890136719,0.01,up,40,ml,344.9800109863281,0.57,up,True
2026-09-15,AMZN,248.4100036621093,0.04,up,40,ml,248.4199981689453,0.0,up,True
2026-09-15,NVDA,211.3300018310547,0.02,up,40,ml,212.1699981689453,0.4,up,True
2026-09-16,AAPL,333.1499938964844,-0.0,up,40,ml,332.4100036621094,-0.22,down,False
2026-09-16,MSFT,493.8599853515625,0.03,up,40,ml,490.2999877929688,-0.72,down,False
2026-09-16,GOOGL,345.2101135253906,-0.0,up,40,ml,342.8699951171875,-0.68,down,False
2026-09-16,AMZN,247.7082977294922,-0.01,down,40,ml,245.9600067138672,-0.71,down,True
2026-09-16,NVDA,215.3600006103516,0.02,up,40,ml,213.8999938964844,-0.68,down,False
2026-09-17,AAPL,335.44000244140625,0.03,up,40,ml,337.0,0.47,up,True
2026-09-17,MSFT,494.9400939941406,0.02,up,40,ml,497.75,0.57,up,True
2026-09-17,GOOGL,345.125,-0.01,down,40,ml,347.3299865722656,0.64,up,False
2026-09-17,AMZN,251.2700042724609,0.01,up,40,ml,251.19000244140625,-0.03,down,False
2026-09-17,NVDA,218.88999938964844,0.02,up,40,ml,219.33999633789065,0.21,up,True
2026-09-17,META,677.9429931640625,0.11,up,40,ml,682.3099975585938,0.64,up,True
2026-09-17,TSLA,367.7650146484375,0.06,up,40,ml,366.2000122070313,-0.43,down,False
2026-09-17,LLY,1144.6500244140625,0.02,up,40,ml,1152.43994140625,0.68,up,True
2026-09-17,AVGO,348.8599853515625,-0.01,down,40,ml,347.29998779296875,-0.45,down,True
2026-09-17,JPM,349.5899963378906,0.03,up,40,ml,349.3099975585937,-0.08,down,False
2026-09-17,V,371.4400024414063,0.02,up,40,ml,369.9299926757813,-0.41,down,False
2026-09-17,UNH,378.7950134277344,-0.0,up,40,ml,375.2099914550781,-0.95,down,False
2026-09-17,XOM,162.85499572753906,0.02,up,40,ml,163.27000427246094,0.25,up,True
2026-09-17,MA,568.3200073242188,-0.04,down,40,ml,565.72998046875,-0.46,down,True
2026-09-17,JNJ,267.8999938964844,0.02,up,40,ml,270.2200012207031,0.87,up,True
2026-09-17,PG,147.17999267578125,-0.01,down,40,ml,147.5500030517578,0.25,up,False
2026-09-17,HD,302.82000732421875,0.01,up,40,ml,302.510009765625,-0.1,down,False
2026-09-17,COST,891.8662719726562,-0.01,down,40,ml,893.9299926757812,0.23,up,False
2026-09-17,MRK,146.64999389648438,0.02,up,40,ml,147.14999389648438,0.34,up,True
2026-09-17,ABBV,262.114990234375,-0.01,down,40,ml,264.0199890136719,0.73,up,False
2026-09-17,CVX,211.2899932861328,-0.0,up,40,ml,211.57000732421875,0.13,up,True
2026-09-17,PEP,133.50999450683594,-0.03,down,40,ml,133.66000366210938,0.11,up,False
2026-09-17,KO,88.08000183105469,-0.06,down,40,ml,88.05999755859375,-0.02,down,True
2026-09-17,ADBE,250.25,-0.01,down,40,ml,252.6699981689453,0.97,up,False
2026-09-17,WMT,106.79499816894533,0.07,up,40,ml,106.79000091552734,-0.0,up,True
2026-09-17,BAC,58.30500030517578,0.02,up,40,ml,58.18000030517578,-0.21,down,False
2026-09-17,CRM,243.1999969482422,0.32,up,42,ml,242.8500061035156,-0.14,down,False
2026-09-17,NFLX,75.57499694824219,-0.01,down,40,ml,75.30999755859375,-0.35,down,True
2026-09-17,AMD,548.2449951171875,0.56,up,44,ml,545.0900268554688,-0.58,down,False
2026-09-17,TMO,654.875,0.14,up,41,ml,658.3200073242188,0.53,up,True
2026-09-17,ACN,190.2250061035156,0.19,up,41,ml,190.2899932861328,0.03,up,True
2026-09-17,MCD,249.57000732421875,-0.0,up,40,ml,248.47999572753903,-0.44,down,False
2026-09-17,LIN,459.2999877929688,-0.04,down,40,ml,458.4800109863281,-0.18,down,True
2026-09-17,CSCO,110.56500244140624,0.01,up,40,ml,110.23999786376952,-0.29,down,False
2026-09-17,ABT,101.91000366210938,0.02,up,40,ml,102.2300033569336,0.31,up,True
2026-09-17,DHR,211.35499572753903,0.0,up,40,ml,212.5,0.54,up,True
2026-09-17,WFC,87.16999816894531,-0.0,up,40,ml,86.88999938964844,-0.32,down,False
2026-09-17,TXN,259.9200134277344,-0.01,down,40,ml,258.1400146484375,-0.68,down,True
2026-09-17,DIS,105.88999938964844,0.0,up,40,ml,105.3499984741211,-0.51,down,False
2026-09-17,PM,189.22000122070312,0.02,up,40,ml,190.47999572753903,0.67,up,True
2026-09-17,INTU,315.8299865722656,0.07,up,40,ml,313.1300048828125,-0.85,down,False
2026-09-17,AMGN,379.7950134277344,0.17,up,41,ml,379.7799987792969,-0.0,up,True
2026-09-17,VZ,48.51499938964844,0.09,up,40,ml,48.33000183105469,-0.38,down,False
2026-09-17,IBM,238.1750030517578,-0.01,down,40,ml,237.75,-0.18,down,True
2026-09-17,CAT,797.4949951171875,-0.01,down,40,ml,798.5700073242188,0.13,up,False
2026-09-17,GE,316.07000732421875,-0.01,down,40,ml,313.4700012207031,-0.82,down,True
2026-09-17,NOW,138.52000427246094,0.1,up,40,ml,138.47000122070312,-0.04,down,False
2026-09-17,UNP,281.2650146484375,-0.05,down,40,ml,282.4800109863281,0.43,up,False
2026-09-17,NEE,81.18499755859375,-0.01,down,40,ml,81.27999877929688,0.12,up,False
2026-09-17,LOW,194.125,0.0,up,40,ml,194.19000244140625,0.03,up,True
2026-09-17,SPGI,406.4100036621094,0.02,up,40,ml,404.1099853515625,-0.57,down,False
2026-09-17,RTX,193.1450042724609,0.01,up,40,ml,193.5399932861328,0.2,up,True
2026-09-17,HON,206.1499938964844,0.01,up,40,ml,206.4900054931641,0.16,up,True
2026-09-17,QCOM,190.4100036621093,0.27,up,42,ml,188.7100067138672,-0.89,down,False
2026-09-17,BA,198.4499969482422,-0.0,up,40,ml,197.0,-0.73,down,False
2026-09-17,ISRG,386.6549987792969,0.02,up,40,ml,383.5400085449219,-0.81,down,False
2026-09-17,ELV,415.3550109863281,0.0,up,40,ml,414.260009765625,-0.26,down,False
2026-09-17,PLD,135.4210968017578,-0.01,down,40,ml,135.17999267578125,-0.18,down,True
2026-09-17,GS,953.1099853515624,0.01,up,40,ml,951.469970703125,-0.17,down,False
2026-09-17,AMAT,415.6449890136719,0.1,up,40,ml,417.3999938964844,0.42,up,True
2026-09-17,DE,682.4299926757812,0.02,up,40,ml,685.6300048828125,0.47,up,True
2026-09-17,BKNG,170.82000732421875,0.17,up,41,ml,170.52000427246094,-0.18,down,False
2026-09-17,SYK,282.17498779296875,0.0,up,40,ml,280.1300048828125,-0.72,down,False
2026-09-17,BLK,1056.719970703125,0.03,up,40,ml,1053.9599609375,-0.26,down,False
2026-09-17,T,25.38500022888184,0.01,up,40,ml,25.38999938964844,0.02,up,True
2026-09-17,MDT,92.83999633789062,0.0,up,40,ml,92.7699966430664,-0.08,down,False
2026-09-17,LMT,531.9550170898438,0.02,up,40,ml,538.0900268554688,1.15,up,True
2026-09-17,ADP,272.2900085449219,-0.01,down,40,ml,272.239990234375,-0.02,down,True
2026-09-17,GILD,149.50999450683594,0.04,up,40,ml,150.88999938964844,0.92,up,True
2026-09-17,MDLZ,62.15499877929688,-0.04,down,40,ml,62.040000915527344,-0.19,down,True
2026-09-17,C,132.63999938964844,0.01,up,40,ml,132.6999969482422,0.05,up,True
2026-09-17,TJX,125.5749969482422,0.01,up,40,ml,126.5500030517578,0.78,up,True
2026-09-17,SBUX,97.61000061035156,0.01,up,40,ml,96.66999816894533,-0.96,down,False
2026-09-17,ADI,363.9800109863281,0.02,up,40,ml,362.6499938964844,-0.37,down,False
2026-09-17,VRTX,513.125,0.03,up,40,ml,516.3400268554688,0.63,up,True
2026-09-17,CI,278.125,0.03,up,40,ml,276.0,-0.76,down,False
2026-09-17,REGN,781.89501953125,0.03,up,40,ml,789.4500122070312,0.97,up,True
2026-09-17,PGR,215.58999633789065,-0.0,up,40,ml,216.2899932861328,0.32,up,True
2026-09-17,PANW,374.760009765625,0.15,up,41,ml,375.05999755859375,0.08,up,True
2026-09-17,ETN,411.489990234375,0.11,up,40,ml,409.4599914550781,-0.49,down,False
2026-09-17,MO,69.30500030517578,-0.0,up,40,ml,69.69999694824219,0.57,up,True
2026-09-17,BSX,43.525001525878906,0.0,up,40,ml,43.54999923706055,0.06,up,True
2026-09-17,ZTS,72.61000061035156,-0.01,down,40,ml,73.0199966430664,0.56,up,False
2026-09-17,SCHW,104.77999877929688,0.02,up,40,ml,104.62999725341795,-0.14,down,False
2026-09-17,CB,340.1099853515625,0.02,up,40,ml,341.8999938964844,0.53,up,True
2026-09-17,SO,86.33000183105469,-0.06,down,40,ml,86.76000213623047,0.5,up,False
2026-09-17,BMY,63.01499938964844,0.0,up,40,ml,62.84000015258789,-0.28,down,False
2026-09-17,MU,977.219970703125,0.39,up,43,ml,977.5,0.03,up,True
2026-09-17,DUK,118.04000091552734,-0.04,down,40,ml,118.54000091552734,0.42,up,False
2026-09-17,SLB,52.19499969482422,0.02,up,40,ml,52.08000183105469,-0.22,down,False
2026-09-17,EQIX,1024.9150390625,-0.01,down,40,ml,1025.93994140625,0.1,up,False
2026-09-17,AON,298.3399963378906,0.25,up,42,ml,296.04998779296875,-0.77,down,False
2026-09-17,CME,273.0849914550781,0.02,up,40,ml,271.1499938964844,-0.71,down,False
2026-09-17,ITW,267.5101013183594,-0.01,down,40,ml,267.510009765625,-0.0,up,False
2026-09-17,PYPL,53.290000915527344,0.07,up,40,ml,52.93999862670898,-0.66,down,False
2026-09-17,APD,285.6400146484375,0.0,up,40,ml,286.1199951171875,0.17,up,True
2026-09-17,KLAC,169.02000427246094,0.0,up,40,ml,168.97999572753906,-0.02,down,False
2026-09-18,AAPL,334.7349853515625,0.02,up,40,ml,336.1300048828125,0.42,up,True
2026-09-18,MSFT,493.4200134277344,-0.0,up,40,ml,493.7799987792969,0.07,up,True
2026-09-18,GOOGL,349.9100036621094,-0.0,up,40,ml,349.5400085449219,-0.11,down,False
2026-09-18,AMZN,253.6278076171875,-0.0,up,40,ml,253.7100067138672,0.03,up,True
2026-09-18,NVDA,219.6699981689453,0.02,up,40,ml,222.2700042724609,1.18,up,True
2026-09-18,META,670.1300048828125,-0.07,down,40,ml,665.75,-0.65,down,True
2026-09-18,TSLA,362.9599914550781,0.02,up,40,ml,364.2699890136719,0.36,up,True
2026-09-18,LLY,1145.3800048828125,0.03,up,40,ml,1152.9300537109375,0.66,up,True
2026-09-18,AVGO,354.1700134277344,-0.01,down,40,ml,357.6099853515625,0.97,up,False
2026-09-18,JPM,347.40008544921875,0.08,up,40,ml,349.6700134277344,0.65,up,True
2026-09-18,V,370.0851135253906,0.01,up,40,ml,368.2900085449219,-0.49,down,False
2026-09-18,UNH,374.0799865722656,0.02,up,40,ml,376.8999938964844,0.75,up,True
2026-09-18,XOM,162.6699981689453,0.02,up,40,ml,163.5399932861328,0.53,up,True
2026-09-18,MA,567.2150268554688,-0.03,down,40,ml,565.239990234375,-0.35,down,True
2026-09-18,JNJ,269.885009765625,0.02,up,40,ml,269.989990234375,0.04,up,True
2026-09-18,PG,146.3800048828125,0.02,up,40,ml,146.38999938964844,0.01,up,True
2026-09-18,HD,300.2200012207031,0.01,up,40,ml,299.9800109863281,-0.08,down,False
2026-09-18,COST,897.75,-0.0,up,40,ml,895.3099975585938,-0.27,down,False
2026-09-18,MRK,146.1800994873047,0.03,up,40,ml,146.8699951171875,0.47,up,True
2026-09-18,ABBV,264.5050048828125,-0.01,down,40,ml,263.9599914550781,-0.21,down,True
2026-09-18,CVX,210.72999572753903,-0.0,up,40,ml,209.509994506836,-0.58,down,False
2026-09-18,PEP,130.37010192871094,0.12,up,40,ml,129.75,-0.48,down,False
2026-09-18,KO,87.90499877929688,-0.05,down,40,ml,88.25,0.39,up,False
2026-09-18,ADBE,249.1499938964844,0.01,up,40,ml,248.9199981689453,-0.09,down,False
2026-09-18,WMT,107.28500366210938,0.02,up,40,ml,106.7300033569336,-0.52,down,False
2026-09-18,BAC,57.88999938964844,0.02,up,40,ml,57.72999954223633,-0.28,down,False
2026-09-18,CRM,239.1499938964844,0.05,up,40,ml,237.9199981689453,-0.51,down,False
2026-09-18,NFLX,71.97000122070312,0.11,up,40,ml,71.79000091552734,-0.25,down,False
2026-09-18,AMD,544.8300170898438,0.04,up,40,ml,559.8200073242188,2.75,up,True
2026-09-18,TMO,652.3599853515625,0.19,up,41,ml,651.4500122070312,-0.14,down,False
2026-09-18,ACN,183.1300048828125,0.08,up,40,ml,181.2899932861328,-1.0,down,False
2026-09-18,MCD,249.7050018310547,0.01,up,40,ml,248.2400054931641,-0.59,down,False
2026-09-18,LIN,460.2550048828125,-0.0,up,40,ml,460.3999938964844,0.03,up,True
2026-09-18,CSCO,108.5,-0.0,up,40,ml,109.51000213623048,0.93,up,True
2026-09-18,ABT,102.77999877929688,0.02,up,40,ml,102.61000061035156,-0.17,down,False
2026-09-18,DHR,210.8600006103516,0.01,up,40,ml,211.8099975585937,0.45,up,True
2026-09-18,WFC,86.25,0.0,up,40,ml,86.12000274658203,-0.15,down,False
2026-09-18,TXN,263.5450134277344,0.01,up,40,ml,266.6400146484375,1.17,up,True
2026-09-18,DIS,103.06999969482422,0.05,up,40,ml,102.66999816894533,-0.39,down,False
2026-09-18,PM,190.0399932861328,0.02,up,40,ml,188.6199951171875,-0.75,down,False
2026-09-18,INTU,304.29998779296875,0.12,up,40,ml,303.19000244140625,-0.36,down,False
2026-09-18,AMGN,383.465087890625,-0.03,down,40,ml,385.6499938964844,0.57,up,False
2026-09-18,VZ,48.04499816894531,0.0,up,40,ml,48.09000015258789,0.09,up,True
2026-09-18,IBM,230.134994506836,0.09,up,40,ml,229.5500030517578,-0.25,down,False
2026-09-18,CAT,803.47998046875,-0.01,down,40,ml,808.989990234375,0.69,up,False
2026-09-18,GE,312.9599914550781,0.03,up,40,ml,314.2699890136719,0.42,up,True
2026-09-18,NOW,136.49000549316406,0.03,up,40,ml,135.47000122070312,-0.75,down,False
2026-09-18,UNP,279.3500061035156,-0.03,down,40,ml,279.3699951171875,0.01,up,False
2026-09-18,NEE,80.48500061035156,-0.03,down,40,ml,80.47000122070312,-0.02,down,True
2026-09-18,LOW,192.5800018310547,0.0,up,40,ml,192.4900054931641,-0.05,down,False
2026-09-18,SPGI,407.7799987792969,0.02,up,40,ml,405.3200073242188,-0.6,down,False
2026-09-18,RTX,192.02999877929688,-0.03,down,40,ml,194.0,1.03,up,False
2026-09-18,HON,205.57009887695312,0.01,up,40,ml,206.4600067138672,0.43,up,True
2026-09-18,QCOM,176.24000549316406,-0.32,down,42,ml,177.72000122070312,0.84,up,False
2026-09-18,BA,197.1199951171875,0.02,up,40,ml,198.1999969482422,0.55,up,True
2026-09-18,ISRG,392.6000061035156,-0.0,up,40,ml,393.3299865722656,0.19,up,True
2026-09-18,ELV,408.1499938964844,-0.0,up,40,ml,410.9500122070313,0.69,up,True
2026-09-18,PLD,134.57000732421875,-0.0,up,40,ml,134.83999633789062,0.2,up,True
2026-09-18,GS,944.3400268554688,0.22,up,41,ml,942.0,-0.25,down,False
2026-09-18,AMAT,434.9450073242188,-0.09,down,40,ml,444.5700073242188,2.21,up,False
2026-09-18,DE,681.530029296875,0.02,up,40,ml,683.989990234375,0.36,up,True
2026-09-18,BKNG,168.77000427246094,0.19,up,41,ml,167.89999389648438,-0.52,down,False
2026-09-18,SYK,277.20001220703125,-0.0,up,40,ml,275.1199951171875,-0.75,down,False
2026-09-18,BLK,1058.68994140625,0.02,up,40,ml,1069.780029296875,1.05,up,True
2026-09-18,T,25.53499984741211,-0.01,down,40,ml,25.39999961853028,-0.53,down,True
2026-09-18,MDT,92.41000366210938,-0.0,up,40,ml,92.12999725341795,-0.3,down,False
2026-09-18,LMT,529.7000122070312,-0.0,up,40,ml,533.3800048828125,0.69,up,True
2026-09-18,ADP,271.4800109863281,-0.01,down,40,ml,271.2200012207031,-0.1,down,True
2026-09-18,GILD,150.47000122070312,0.0,up,40,ml,150.11000061035156,-0.24,down,False
2026-09-18,MDLZ,60.83000183105469,0.04,up,40,ml,60.84999847412109,0.03,up,True
2026-09-18,C,132.24630737304688,0.01,up,40,ml,131.77000427246094,-0.36,down,False
2026-09-18,TJX,128.52000427246094,-0.01,down,40,ml,127.23999786376952,-1.0,down,True
2026-09-18,SBUX,95.81999969482422,0.02,up,40,ml,95.83000183105467,0.01,up,True
2026-09-18,ADI,369.4299926757813,-0.01,down,40,ml,375.7200012207031,1.7,up,False
2026-09-18,VRTX,506.7550048828125,0.02,up,40,ml,508.3399963378906,0.31,up,True
2026-09-18,CI,275.6449890136719,0.02,up,40,ml,275.2799987792969,-0.13,down,False
2026-09-18,REGN,784.4600219726562,0.02,up,40,ml,784.8499755859375,0.05,up,True
2026-09-18,PGR,213.8249969482422,0.01,up,40,ml,213.47999572753903,-0.16,down,False
2026-09-18,PANW,360.9299926757813,0.23,up,41,ml,363.5799865722656,0.73,up,True
2026-09-18,ETN,420.1499938964844,0.0,up,40,ml,424.7699890136719,1.1,up,True
2026-09-18,MO,69.73999786376953,-0.0,up,40,ml,69.5199966430664,-0.32,down,False
2026-09-18,BSX,43.505001068115234,0.02,up,40,ml,43.34000015258789,-0.38,down,False
2026-09-18,ZTS,72.55999755859375,0.03,up,40,ml,71.4000015258789,-1.6,down,False
2026-09-18,SCHW,104.9000015258789,-0.01,down,40,ml,105.25,0.33,up,False
2026-09-18,CB,340.6400146484375,0.02,up,40,ml,340.6400146484375,0.0,up,True
2026-09-18,SO,85.58000183105469,0.01,up,40,ml,85.5199966430664,-0.07,down,False
2026-09-18,BMY,62.7599983215332,0.01,up,40,ml,63.060001373291016,0.48,up,True
2026-09-18,MU,994.0250244140624,-0.01,down,40,ml,1015.7999877929688,2.19,up,False
2026-09-18,DUK,117.19000244140624,-0.04,down,40,ml,117.52999877929688,0.29,up,False
2026-09-18,SLB,51.10499954223633,0.08,up,40,ml,51.119998931884766,0.03,up,True
2026-09-18,EQIX,1026.3399658203125,0.02,up,40,ml,1021.3400268554688,-0.49,down,False
2026-09-18,AON,295.7149963378906,0.15,up,41,ml,295.6400146484375,-0.03,down,False
2026-09-18,CME,274.7900085449219,-0.01,down,40,ml,276.010009765625,0.44,up,False
2026-09-18,ITW,268.8800048828125,0.01,up,40,ml,269.4200134277344,0.2,up,True
2026-09-18,PYPL,52.744998931884766,0.07,up,40,ml,52.40999984741211,-0.64,down,False
2026-09-18,APD,283.3099975585937,0.33,up,42,ml,284.17999267578125,0.31,up,True
2026-09-18,KLAC,174.24000549316406,0.13,up,41,ml,176.99000549316406,1.58,up,True
2026-09-21,AAPL,339.07000732421875,-0.01,down,40,ml,338.9800109863281,-0.03,down,True
2026-09-21,MSFT,498.1199951171875,-0.01,down,40,ml,501.6099853515625,0.7,up,False
2026-09-21,GOOGL,355.4599914550781,-0.01,down,40,ml,354.9700012207031,-0.14,down,True
2026-09-21,AMZN,258.5,0.0,up,40,ml,258.45001220703125,-0.02,down,False
2026-09-21,NVDA,227.3500061035156,0.17,up,41,ml,227.3800048828125,0.01,up,True
2026-09-21,META,749.2449951171875,-0.49,down,43,ml,741.25,-1.07,down,True
2026-09-21,TSLA,374.3699951171875,0.03,up,40,ml,375.2999877929688,0.25,up,True
2026-09-21,LLY,1168.2650146484375,-0.01,down,40,ml,1164.8900146484375,-0.29,down,True
2026-09-21,AVGO,361.55999755859375,-0.01,down,40,ml,362.6600036621094,0.3,up,False
2026-09-21,JPM,351.9100036621094,0.05,up,40,ml,352.0400085449219,0.04,up,True
2026-09-21,V,368.2792053222656,0.03,up,40,ml,369.9500122070313,0.45,up,True
2026-09-21,UNH,377.3599853515625,-0.01,down,40,ml,377.55999755859375,0.05,up,False
2026-09-21,XOM,158.91000366210938,0.1,up,40,ml,158.3000030517578,-0.38,down,False
2026-09-21,MA,565.9450073242188,-0.04,down,40,ml,567.6500244140625,0.3,up,False
2026-09-21,JNJ,271.25,-0.0,up,40,ml,269.4700012207031,-0.66,down,False
2026-09-21,PG,146.38999938964844,-0.01,down,40,ml,146.0800018310547,-0.21,down,True
2026-09-21,HD,298.67999267578125,-0.01,down,40,ml,297.20001220703125,-0.5,down,True
2026-09-21,COST,897.27001953125,-0.01,down,40,ml,898.47998046875,0.13,up,False
2026-09-21,MRK,150.1649932861328,0.0,up,40,ml,149.5,-0.44,down,False
2026-09-21,ABBV,265.7701110839844,-0.01,down,40,ml,264.4800109863281,-0.49,down,True
2026-09-21,CVX,205.35499572753903,0.21,up,41,ml,203.6699981689453,-0.82,down,False
2026-09-21,PEP,129.5850067138672,0.03,up,40,ml,129.58999633789062,0.0,up,True
2026-09-21,KO,87.80500030517578,-0.04,down,40,ml,87.12000274658203,-0.78,down,True
2026-09-21,ADBE,248.6999969482422,-0.03,down,40,ml,249.5200042724609,0.33,up,False
2026-09-21,WMT,107.45999908447266,-0.01,down,40,ml,107.44000244140624,-0.02,down,True
2026-09-21,BAC,58.040000915527344,0.0,up,40,ml,57.959999084472656,-0.14,down,False
2026-09-21,CRM,237.3300018310547,-0.24,down,41,ml,236.4199981689453,-0.38,down,True
2026-09-21,NFLX,73.30500030517578,0.05,up,40,ml,73.36000061035156,0.08,up,True
2026-09-21,AMD,609.469970703125,-0.02,down,40,ml,615.52001953125,0.99,up,False
2026-09-21,TMO,658.4450073242188,0.16,up,41,ml,658.760009765625,0.05,up,True
2026-09-21,ACN,185.94000244140625,-0.0,up,40,ml,186.1100006103516,0.09,up,True
2026-09-21,MCD,247.44500732421875,0.02,up,40,ml,247.8800048828125,0.18,up,True
2026-09-21,LIN,457.875,-0.01,down,40,ml,457.5,-0.08,down,True
2026-09-21,CSCO,110.20999908447266,0.03,up,40,ml,111.45999908447266,1.13,up,True
2026-09-21,ABT,102.84500122070312,0.0,up,40,ml,102.9800033569336,0.13,up,True
2026-09-21,DHR,214.5200042724609,0.1,up,40,ml,215.83999633789065,0.62,up,True
2026-09-21,WFC,86.45500183105469,-0.01,down,40,ml,86.54000091552734,0.1,up,False
2026-09-21,TXN,269.375,0.02,up,40,ml,270.8699951171875,0.55,up,True
2026-09-21,DIS,104.375,-0.0,up,40,ml,104.2300033569336,-0.14,down,False
2026-09-21,PM,187.8350067138672,-0.01,down,40,ml,187.47999572753903,-0.19,down,True
2026-09-21,INTU,302.82501220703125,0.14,up,41,ml,304.1199951171875,0.43,up,True
2026-09-21,AMGN,394.05999755859375,0.03,up,40,ml,393.1600036621094,-0.23,down,False
2026-09-21,VZ,47.88019943237305,0.01,up,40,ml,47.68000030517578,-0.42,down,False
2026-09-21,IBM,229.0,0.01,up,40,ml,231.92999267578125,1.28,up,True
2026-09-21,CAT,817.8200073242188,-0.01,down,40,ml,816.5,-0.16,down,True
2026-09-21,GE,321.04998779296875,0.06,up,40,ml,319.010009765625,-0.64,down,False
2026-09-21,NOW,137.18499755859375,0.02,up,40,ml,137.67999267578125,0.36,up,True
2026-09-21,UNP,270.3550109863281,0.13,up,41,ml,269.6300048828125,-0.27,down,False
2026-09-21,NEE,79.78970336914062,-0.04,down,40,ml,79.62999725341797,-0.2,down,True
2026-09-21,LOW,192.31500244140625,-0.01,down,40,ml,190.97999572753903,-0.69,down,True
2026-09-21,SPGI,405.6600036621094,-0.01,down,40,ml,404.4700012207031,-0.29,down,True
2026-09-21,RTX,194.7949981689453,-0.01,down,40,ml,194.33999633789065,-0.23,down,True
2026-09-21,HON,206.77999877929688,0.1,up,40,ml,206.47999572753903,-0.15,down,False
2026-09-21,QCOM,193.02999877929688,-0.15,down,41,ml,194.22999572753903,0.62,up,False
2026-09-21,BA,200.9900054931641,0.05,up,40,ml,201.1499938964844,0.08,up,True
2026-09-21,ISRG,400.0400085449219,0.02,up,40,ml,401.6499938964844,0.4,up,True
2026-09-21,ELV,408.0,-0.0,up,40,ml,409.30999755859375,0.32,up,True
2026-09-21,PLD,135.83999633789062,-0.0,up,40,ml,135.82000732421875,-0.01,down,False
2026-09-21,GS,958.7999877929688,0.07,up,40,ml,959.3900146484376,0.06,up,True
2026-09-21,AMAT,463.75,0.23,up,41,ml,464.239990234375,0.11,up,True
2026-09-21,DE,691.530029296875,-0.01,down,40,ml,684.72998046875,-0.98,down,True
2026-09-21,BKNG,169.63499450683594,0.16,up,41,ml,168.52000427246094,-0.66,down,False
2026-09-21,SYK,273.6499938964844,-0.0,up,40,ml,274.19000244140625,0.2,up,True
2026-09-21,BLK,1082.530029296875,-0.01,down,40,ml,1090.27001953125,0.71,up,False
2026-09-21,T,25.614999771118164,-0.0,up,40,ml,25.450000762939453,-0.64,down,False
2026-09-21,MDT,91.93000030517578,-0.0,up,40,ml,91.75,-0.2,down,False
2026-09-21,LMT,534.6699829101562,-0.01,down,40,ml,535.4000244140625,0.14,up,False
2026-09-21,ADP,270.95001220703125,0.03,up,40,ml,269.94000244140625,-0.37,down,False
2026-09-21,GILD,151.8800048828125,0.03,up,40,ml,150.55999755859375,-0.87,down,False
2026-09-21,MDLZ,60.375,-0.01,down,40,ml,60.16999816894531,-0.34,down,True
2026-09-21,C,135.52999877929688,0.07,up,40,ml,135.0500030517578,-0.35,down,False
2026-09-21,TJX,130.56500244140625,0.05,up,40,ml,130.9600067138672,0.3,up,True
2026-09-21,SBUX,94.70500183105467,0.04,up,40,ml,94.9000015258789,0.21,up,True
2026-09-21,ADI,381.6000061035156,-0.0,up,40,ml,383.0,0.37,up,True
2026-09-21,VRTX,513.3200073242188,0.0,up,40,ml,510.7200012207031,-0.51,down,False
2026-09-21,CI,274.5350036621094,-0.01,down,40,ml,274.4700012207031,-0.02,down,True
2026-09-21,REGN,799.3699951171875,0.03,up,40,ml,798.1699829101562,-0.15,down,False
2026-09-21,PGR,213.42999267578125,0.08,up,40,ml,212.2400054931641,-0.56,down,False
2026-09-21,PANW,369.6549987792969,0.02,up,40,ml,371.760009765625,0.57,up,True
2026-09-21,ETN,435.3349914550781,0.17,up,41,ml,435.4299926757813,0.02,up,True
2026-09-21,MO,68.69999694824219,-0.0,up,40,ml,68.52999877929688,-0.25,down,False
2026-09-21,BSX,43.39500045776367,0.0,up,40,ml,43.720001220703125,0.75,up,True
2026-09-21,ZTS,71.48999786376953,-0.0,up,40,ml,71.33000183105469,-0.22,down,False
2026-09-21,SCHW,106.98999786376952,-0.0,up,40,ml,106.87999725341795,-0.1,down,False
2026-09-21,CB,338.7200012207031,-0.04,down,40,ml,337.260009765625,-0.43,down,True
2026-09-21,SO,85.83000183105469,-0.0,up,40,ml,85.45999908447266,-0.43,down,False
2026-09-21,BMY,63.05500030517578,0.11,up,40,ml,62.619998931884766,-0.69,down,False
2026-09-21,MU,1043.4449462890625,0.17,up,41,ml,1043.9599609375,0.05,up,True
2026-09-21,DUK,117.18000030517578,-0.01,down,40,ml,116.73999786376952,-0.38,down,True
2026-09-21,SLB,51.8849983215332,-0.0,up,40,ml,51.7599983215332,-0.24,down,False
2026-09-21,EQIX,1055.0899658203125,0.25,up,41,ml,1057.260009765625,0.21,up,True
2026-09-21,AON,292.1400146484375,0.13,up,41,ml,290.82000732421875,-0.45,down,False
2026-09-21,CME,274.0259094238281,-0.01,down,40,ml,275.5299987792969,0.55,up,False
2026-09-21,ITW,268.1199951171875,-0.02,down,40,ml,267.5199890136719,-0.22,down,True
2026-09-21,PYPL,52.63999938964844,-0.0,up,40,ml,52.619998931884766,-0.04,down,False
2026-09-21,APD,281.7049865722656,0.2,up,41,ml,279.4599914550781,-0.8,down,False
2026-09-21,KLAC,184.3500061035156,0.22,up,41,ml,183.97000122070312,-0.21,down,False
2026-09-22,AAPL,341.4849853515625,0.0,up,40,ml,339.75,-0.51,down,False
2026-09-22,MSFT,496.9100036621094,-0.0,up,40,ml,498.0,0.22,up,True
2026-09-22,GOOGL,352.3949890136719,-0.0,up,40,ml,351.1600036621094,-0.35,down,False
2026-09-22,AMZN,254.01499938964844,0.0,up,40,ml,254.97999572753903,0.38,up,True
2026-09-22,NVDA,229.4250030517578,0.16,up,41,ml,228.8699951171875,-0.24,down,False
2026-09-22,META,742.8350219726562,0.29,up,42,ml,736.594970703125,-0.84,down,False
2026-09-22,TSLA,378.489990234375,-0.0,up,40,ml,378.8999938964844,0.11,up,True
2026-09-22,LLY,1169.199951171875,-0.01,down,40,ml,1170.1400146484375,0.08,up,False
2026-09-22,AVGO,364.4200134277344,0.02,up,40,ml,364.5400085449219,0.03,up,True
2026-09-22,JPM,340.5199890136719,0.14,up,41,ml,340.0,-0.15,down,False
2026-09-22,V,363.625,0.09,up,40,ml,362.0400085449219,-0.44,down,False
2026-09-22,UNH,373.80999755859375,-0.01,down,40,ml,372.9500122070313,-0.23,down,True
2026-09-22,XOM,159.8300018310547,-0.0,up,40,ml,158.7100067138672,-0.7,down,False
2026-09-22,MA,559.739990234375,-0.04,down,40,ml,555.8900146484375,-0.69,down,True
2026-09-22,JNJ,268.3800048828125,-0.04,down,40,ml,269.19000244140625,0.3,up,False
2026-09-22,PG,147.74000549316406,-0.0,up,40,ml,148.22000122070312,0.32,up,True
2026-09-22,HD,303.82000732421875,-0.01,down,40,ml,305.3500061035156,0.5,up,False
2026-09-22,COST,899.1599731445312,-0.01,down,40,ml,899.4099731445312,0.03,up,False
2026-09-22,MRK,151.82339477539062,0.03,up,40,ml,150.91000366210938,-0.6,down,False
2026-09-22,ABBV,265.1487121582031,-0.04,down,40,ml,265.2099914550781,0.02,up,False
2026-09-22,CVX,204.3500061035156,0.05,up,40,ml,202.4100036621093,-0.95,down,False
2026-09-22,PEP,130.86000061035156,0.03,up,40,ml,131.19000244140625,0.25,up,True
2026-09-22,KO,88.45999908447266,-0.0,up,40,ml,88.61000061035156,0.17,up,True
2026-09-22,ADBE,239.259994506836,0.05,up,40,ml,238.25,-0.42,down,False
2026-09-22,WMT,109.89669799804688,-0.01,down,40,ml,110.12000274658205,0.2,up,False
2026-09-22,BAC,56.46879959106445,0.09,up,40,ml,56.20000076293945,-0.48,down,False
2026-09-22,CRM,231.67999267578125,1.0,up,47,ml,233.27999877929688,0.69,up,True
2026-09-22,NFLX,71.8499984741211,0.26,up,42,ml,72.16000366210938,0.43,up,True
2026-09-22,AMD,616.5988159179688,-0.19,down,41,ml,623.77001953125,1.16,up,False
2026-09-22,TMO,658.77001953125,0.15,up,41,ml,658.52001953125,-0.04,down,False
2026-09-22,ACN,184.01499938964844,-0.0,up,40,ml,183.72000122070312,-0.16,down,False
2026-09-22,MCD,251.3600006103516,0.02,up,40,ml,250.3500061035156,-0.4,down,False
2026-09-22,LIN,463.9100036621094,-0.01,down,40,ml,464.9100036621094,0.22,up,False
2026-09-22,CSCO,104.79139709472656,0.04,up,40,ml,106.44000244140624,1.57,up,True
2026-09-22,ABT,104.08999633789062,0.01,up,40,ml,103.69000244140624,-0.38,down,False
2026-09-22,DHR,221.4100036621093,0.1,up,40,ml,221.08999633789065,-0.14,down,False
2026-09-22,WFC,83.66999816894531,0.06,up,40,ml,83.1500015258789,-0.62,down,False
2026-09-22,TXN,268.989990234375,0.14,up,41,ml,271.4100036621094,0.9,up,True
2026-09-22,DIS,103.5749969482422,-0.0,up,40,ml,103.81999969482422,0.24,up,True
2026-09-22,PM,190.3099975585937,-0.01,down,40,ml,190.22999572753903,-0.04,down,True
2026-09-22,INTU,290.1000061035156,0.67,up,45,ml,292.3500061035156,0.78,up,True
2026-09-22,AMGN,408.2999877929688,0.27,up,42,ml,410.239990234375,0.48,up,True
2026-09-22,VZ,47.095001220703125,0.04,up,40,ml,46.45000076293945,-1.37,down,False
2026-09-22,IBM,231.08999633789065,0.04,up,40,ml,231.3800048828125,0.13,up,True
2026-09-22,CAT,805.5800170898438,-0.01,down,40,ml,808.010009765625,0.3,up,False
2026-09-22,GE,317.8099975585937,0.04,up,40,ml,319.2200012207031,0.44,up,True
2026-09-22,NOW,136.11000061035156,0.02,up,40,ml,137.0,0.65,up,True
2026-09-22,UNP,272.5,0.12,up,40,ml,274.4100036621094,0.7,up,True
2026-09-22,NEE,79.66500091552734,-0.04,down,40,ml,79.26000213623047,-0.51,down,True
2026-09-22,LOW,195.5200042724609,-0.01,down,40,ml,196.0800018310547,0.29,up,False
2026-09-22,SPGI,403.9200134277344,-0.01,down,40,ml,402.4400024414063,-0.37,down,True
2026-09-22,RTX,189.8699951171875,0.09,up,40,ml,190.9900054931641,0.59,up,True
2026-09-22,HON,211.44000244140625,0.05,up,40,ml,211.8500061035156,0.19,up,True
2026-09-22,QCOM,195.7899932861328,0.13,up,41,ml,198.2700042724609,1.27,up,True
2026-09-22,BA,197.6450042724609,0.09,up,40,ml,197.72000122070312,0.04,up,True
2026-09-22,ISRG,400.2200012207031,0.03,up,40,ml,402.0899963378906,0.47,up,True
2026-09-22,ELV,403.1799926757813,-0.01,down,40,ml,402.4299926757813,-0.19,down,True
2026-09-22,PLD,135.61000061035156,-0.0,up,40,ml,135.8800048828125,0.2,up,True
2026-09-22,GS,948.2000122070312,0.11,up,40,ml,949.489990234375,0.14,up,True
2026-09-22,AMAT,468.4700012207031,0.14,up,41,ml,472.4599914550781,0.85,up,True
2026-09-22,DE,695.72998046875,-0.01,down,40,ml,703.1199951171875,1.06,up,False
2026-09-22,BKNG,161.47999572753906,0.34,up,42,ml,164.22000122070312,1.7,up,True
2026-09-22,SYK,276.1099853515625,-0.0,up,40,ml,275.0899963378906,-0.37,down,False
2026-09-22,BLK,1073.1500244140625,-0.01,down,40,ml,1066.6600341796875,-0.6,down,True
2026-09-22,T,25.20499992370605,-0.0,up,40,ml,25.100000381469727,-0.42,down,False
2026-09-22,MDT,91.37000274658205,-0.0,up,40,ml,90.7699966430664,-0.66,down,False
2026-09-22,LMT,519.5499877929688,0.09,up,40,ml,522.3400268554688,0.54,up,True
2026-09-22,ADP,269.2699890136719,0.03,up,40,ml,269.6400146484375,0.14,up,True
2026-09-22,GILD,152.65499877929688,0.05,up,40,ml,152.6699981689453,0.01,up,True
2026-09-22,MDLZ,61.025001525878906,-0.0,up,40,ml,61.08000183105469,0.09,up,True
2026-09-22,C,132.3699951171875,0.12,up,40,ml,132.47000122070312,0.08,up,True
2026-09-22,TJX,130.6300048828125,0.03,up,40,ml,130.7899932861328,0.12,up,True
2026-09-22,SBUX,95.0999984741211,0.02,up,40,ml,95.11000061035156,0.01,up,True
2026-09-22,ADI,385.5400085449219,-0.05,down,40,ml,390.3699951171875,1.25,up,False
2026-09-22,VRTX,521.489990234375,0.0,up,40,ml,514.989990234375,-1.25,down,False
2026-09-22,CI,274.6300048828125,-0.01,down,40,ml,273.739990234375,-0.32,down,True
2026-09-22,REGN,807.9600219726562,0.1,up,40,ml,803.9000244140625,-0.5,down,False
2026-09-22,PGR,206.44500732421875,0.2,up,41,ml,206.94000244140625,0.24,up,True
2026-09-22,PANW,373.239990234375,0.02,up,40,ml,374.5700073242188,0.36,up,True
2026-09-22,ETN,439.6700134277344,0.14,up,41,ml,442.489990234375,0.64,up,True
2026-09-22,MO,68.75,-0.0,up,40,ml,68.63999938964844,-0.16,down,False
2026-09-22,BSX,44.720001220703125,0.0,up,40,ml,44.91999816894531,0.45,up,True
2026-09-22,ZTS,72.4749984741211,-0.0,up,40,ml,72.86000061035156,0.53,up,True
2026-09-22,SCHW,101.23999786376952,-0.03,down,40,ml,100.3499984741211,-0.88,down,True
2026-09-22,CB,335.8550109863281,-0.04,down,40,ml,335.7699890136719,-0.03,down,True
2026-09-22,SO,85.33000183105469,-0.04,down,40,ml,85.1500015258789,-0.21,down,True
2026-09-22,BMY,62.625,0.11,up,40,ml,62.25,-0.6,down,False
2026-09-22,MU,1082.375,0.12,up,40,ml,1096.1600341796875,1.27,up,True
2026-09-22,DUK,116.55999755859376,-0.04,down,40,ml,116.30999755859376,-0.21,down,True
2026-09-22,SLB,52.415000915527344,-0.0,up,40,ml,52.119998931884766,-0.56,down,False
2026-09-22,EQIX,1052.0849609375,-0.01,down,40,ml,1059.260009765625,0.68,up,False
2026-09-22,AON,285.5050048828125,0.13,up,41,ml,286.1000061035156,0.21,up,True
2026-09-22,CME,269.739990234375,0.08,up,40,ml,267.2099914550781,-0.94,down,False
2026-09-22,ITW,268.6650085449219,-0.01,down,40,ml,270.4700012207031,0.67,up,False
2026-09-22,PYPL,53.31999969482422,-0.0,up,40,ml,52.88999938964844,-0.81,down,False
2026-09-22,APD,287.239990234375,0.08,up,40,ml,287.8599853515625,0.22,up,True
2026-09-22,KLAC,185.6699981689453,0.14,up,41,ml,188.32000732421875,1.43,up,True
2026-09-23,AAPL,337.20001220703125,-0.01,down,40,ml,337.0199890136719,-0.05,down,True
2026-09-23,MSFT,499.5750122070313,-0.0,up,40,ml,500.5899963378906,0.2,up,True
2026-09-23,GOOGL,338.4700012207031,0.09,up,40,ml,337.8299865722656,-0.19,down,False
2026-09-23,AMZN,248.3300018310547,0.1,up,40,ml,249.2700042724609,0.38,up,True
2026-09-23,NVDA,224.8999938964844,0.01,up,40,ml,225.509994506836,0.27,up,True
2026-09-23,META,749.8099975585938,0.29,up,42,ml,744.0999755859375,-0.76,down,False
2026-09-23,TSLA,379.4200134277344,-0.0,up,40,ml,380.1199951171875,0.18,up,True
2026-09-23,LLY,1150.199951171875,-0.02,down,40,ml,1150.989990234375,0.07,up,False
2026-09-23,AVGO,355.04998779296875,0.08,up,40,ml,354.989990234375,-0.02,down,False
2026-09-23,JPM,338.0400085449219,0.14,up,41,ml,337.5299987792969,-0.15,down,False
2026-09-23,V,361.7699890136719,0.23,up,41,ml,361.5199890136719,-0.07,down,False
2026-09-23,UNH,370.5400085449219,-0.0,up,40,ml,371.2900085449219,0.2,up,True
2026-09-23,XOM,161.1699981689453,-0.0,up,40,ml,161.22999572753906,0.04,up,True
2026-09-23,MA,559.47998046875,-0.04,down,40,ml,559.9199829101562,0.08,up,False
2026-09-23,JNJ,267.4316101074219,-0.04,down,40,ml,269.1700134277344,0.65,up,False
2026-09-23,PG,147.7404022216797,-0.0,up,40,ml,147.38999938964844,-0.24,down,False
2026-09-23,HD,299.4949951171875,0.2,up,41,ml,296.7200012207031,-0.93,down,False
2026-09-23,COST,901.239990234375,-0.01,down,40,ml,904.7000122070312,0.38,up,False
2026-09-23,MRK,147.75999450683594,0.05,up,40,ml,148.0800018310547,0.22,up,True
2026-09-23,ABBV,264.2950134277344,-0.04,down,40,ml,265.0799865722656,0.3,up,False
2026-09-23,CVX,206.1000061035156,0.05,up,40,ml,205.509994506836,-0.29,down,False
2026-09-23,PEP,129.7050018310547,0.03,up,40,ml,130.17999267578125,0.37,up,True
2026-09-23,KO,87.99500274658203,-0.0,up,40,ml,88.08999633789062,0.11,up,True
2026-09-23,ADBE,240.1199951171875,0.05,up,40,ml,240.69000244140625,0.24,up,True
2026-09-23,WMT,110.41500091552734,0.03,up,40,ml,110.52999877929688,0.1,up,True
2026-09-23,BAC,55.82500076293945,0.08,up,40,ml,56.0,0.31,up,True
2026-09-23,CRM,239.6999969482422,-0.03,down,40,ml,237.5800018310547,-0.88,down,True
2026-09-23,NFLX,71.66999816894531,0.26,up,42,ml,71.36000061035156,-0.43,down,False
2026-09-23,AMD,613.2600708007812,-0.36,down,42,ml,614.6099853515625,0.22,up,False
2026-09-23,TMO,659.3599853515625,0.13,up,41,ml,665.2999877929688,0.9,up,True
2026-09-23,ACN,184.94000244140625,-0.0,up,40,ml,183.5200042724609,-0.77,down,False
2026-09-23,MCD,236.47999572753903,0.3,up,42,ml,238.32000732421875,0.78,up,True
2026-09-23,LIN,470.3999938964844,0.03,up,40,ml,469.7200012207031,-0.14,down,False
2026-09-23,CSCO,106.47000122070312,0.19,up,41,ml,106.43000030517578,-0.04,down,False
2026-09-23,ABT,104.08999633789062,0.01,up,40,ml,103.48999786376952,-0.58,down,False
2026-09-23,DHR,220.8500061035156,0.1,up,40,ml,221.5599975585937,0.32,up,True
2026-09-23,WFC,82.39250183105469,-0.06,down,40,ml,81.9000015258789,-0.6,down,True
2026-09-23,TXN,270.2200012207031,0.12,up,40,ml,272.6199951171875,0.89,up,True
2026-09-23,DIS,103.91999816894533,-0.0,up,40,ml,103.45999908447266,-0.44,down,False
2026-09-23,PM,191.2250061035156,-0.0,up,40,ml,190.83999633789065,-0.2,down,False
2026-09-23,INTU,287.70001220703125,0.3,up,42,ml,286.79998779296875,-0.31,down,False
2026-09-23,AMGN,407.260009765625,0.19,up,41,ml,406.0899963378906,-0.29,down,False
2026-09-23,VZ,47.060001373291016,0.04,up,40,ml,46.52000045776367,-1.15,down,False
2026-09-23,IBM,235.0249938964844,0.05,up,40,ml,232.759994506836,-0.96,down,False
2026-09-23,CAT,809.10498046875,-0.01,down,40,ml,812.02001953125,0.36,up,False
2026-09-23,GE,320.5950012207031,0.04,up,40,ml,319.79998779296875,-0.25,down,False
2026-09-23,NOW,140.19000244140625,0.02,up,40,ml,140.77999877929688,0.42,up,True
2026-09-23,UNP,276.7051086425781,0.05,up,40,ml,275.5299987792969,-0.42,down,False
2026-09-23,NEE,77.70500183105469,0.09,up,40,ml,77.0199966430664,-0.88,down,False
2026-09-23,LOW,192.8650054931641,-0.01,down,40,ml,191.3600006103516,-0.78,down,True
2026-09-23,SPGI,406.1799926757813,-0.01,down,40,ml,406.5,0.08,up,False
2026-09-23,RTX,193.8800048828125,-0.05,down,40,ml,192.19000244140625,-0.87,down,True
2026-09-23,HON,212.1999969482422,0.07,up,40,ml,212.57000732421875,0.17,up,True
2026-09-23,QCOM,197.2100067138672,0.13,up,41,ml,197.2400054931641,0.02,up,True
2026-09-23,BA,201.0500030517578,0.07,up,40,ml,199.92999267578125,-0.56,down,False
2026-09-23,ISRG,396.6700134277344,0.03,up,40,ml,398.2999877929688,0.41,up,True
2026-09-23,ELV,398.510009765625,0.09,up,40,ml,398.55999755859375,0.01,up,True
2026-09-23,PLD,134.8800048828125,-0.0,up,40,ml,133.9600067138672,-0.68,down,False
2026-09-23,GS,936.4000244140624,0.31,up,42,ml,936.3599853515624,-0.0,up,True
2026-09-23,AMAT,471.8949890136719,0.14,up,41,ml,474.3800048828125,0.53,up,True
2026-09-23,DE,708.3200073242188,0.23,up,41,ml,709.47998046875,0.16,up,True
2026-09-23,BKNG,156.57000732421875,-0.41,down,43,ml,155.89999389648438,-0.43,down,True
2026-09-23,SYK,271.6199951171875,-0.0,up,40,ml,273.3999938964844,0.66,up,True
2026-09-23,BLK,1067.1700439453125,0.08,up,40,ml,1060.8900146484375,-0.59,down,False
2026-09-23,T,25.545000076293945,-0.0,up,40,ml,25.299999237060547,-0.96,down,False
2026-09-23,MDT,89.2499008178711,0.1,up,40,ml,89.30000305175781,0.06,up,True
2026-09-23,LMT,527.4400024414062,-0.01,down,40,ml,524.6799926757812,-0.52,down,True
2026-09-23,ADP,266.32000732421875,0.09,up,40,ml,263.67999267578125,-0.99,down,False
2026-09-23,GILD,150.65499877929688,0.05,up,40,ml,151.3699951171875,0.47,up,True
2026-09-23,MDLZ,61.0,-0.0,up,40,ml,61.43999862670898,0.72,up,True
2026-09-23,C,132.61000061035156,-0.0,up,40,ml,131.92999267578125,-0.51,down,False
2026-09-23,TJX,132.0050048828125,0.03,up,40,ml,131.58999633789062,-0.31,down,False
2026-09-23,SBUX,94.41999816894533,0.02,up,40,ml,94.13999938964844,-0.3,down,False
2026-09-23,ADI,382.0400085449219,0.0,up,40,ml,385.2300109863281,0.83,up,True
2026-09-23,VRTX,512.3200073242188,-0.01,down,40,ml,516.3400268554688,0.78,up,False
2026-09-23,CI,269.2550048828125,0.01,up,40,ml,268.2699890136719,-0.37,down,False
2026-09-23,REGN,792.6199951171875,0.14,up,41,ml,801.8200073242188,1.16,up,True
2026-09-23,PGR,207.44500732421875,0.22,up,41,ml,203.1300048828125,-2.08,down,False
2026-09-23,PANW,386.385009765625,0.23,up,41,ml,393.2999877929688,1.79,up,True
2026-09-23,ETN,438.5799865722656,0.14,up,41,ml,438.760009765625,0.04,up,True
2026-09-23,MO,69.42500305175781,-0.0,up,40,ml,68.94999694824219,-0.68,down,False
2026-09-23,BSX,44.01499938964844,0.0,up,40,ml,44.619998931884766,1.37,up,True
2026-09-23,ZTS,71.64659881591797,-0.0,up,40,ml,71.61000061035156,-0.05,down,False
2026-09-23,SCHW,100.31999969482422,-0.49,down,43,ml,99.5,-0.82,down,True
2026-09-23,CB,337.4700012207031,-0.04,down,40,ml,335.2099914550781,-0.67,down,True
2026-09-23,SO,83.73999786376953,0.08,up,40,ml,83.47000122070312,-0.32,down,False
2026-09-23,BMY,61.540000915527344,0.13,up,41,ml,61.150001525878906,-0.63,down,False
2026-09-23,MU,1070.925048828125,-0.09,down,40,ml,1071.8800048828125,0.09,up,False
2026-09-23,DUK,114.91999816894533,-0.03,down,40,ml,114.16999816894533,-0.65,down,True
2026-09-23,SLB,52.01499938964844,-0.0,up,40,ml,51.869998931884766,-0.28,down,False
2026-09-23,EQIX,1041.0849609375,0.0,up,40,ml,1037.6600341796875,-0.33,down,False
2026-09-23,AON,283.1600036621094,0.28,up,42,ml,281.6000061035156,-0.55,down,False
2026-09-23,CME,273.24578857421875,-0.01,down,40,ml,270.79998779296875,-0.9,down,True
2026-09-23,ITW,272.9849853515625,-0.01,down,40,ml,273.4200134277344,0.16,up,False
2026-09-23,PYPL,52.540000915527344,-0.0,up,40,ml,52.5099983215332,-0.06,down,False
2026-09-23,APD,288.1050109863281,0.18,up,41,ml,286.9700012207031,-0.39,down,False
2026-09-23,KLAC,186.8800048828125,0.14,up,41,ml,187.8600006103516,0.52,up,True
2026-09-24,AAPL,336.9591064453125,-0.01,down,40,ml,335.9200134277344,-0.31,down,True
2026-09-24,MSFT,494.8900146484375,-0.0,up,40,ml,497.9299926757813,0.61,up,True
2026-09-24,GOOGL,341.0899963378906,-0.0,up,40,ml,342.3599853515625,0.37,up,True
2026-09-24,AMZN,248.50509643554688,-0.0,up,40,ml,249.3800048828125,0.35,up,True
2026-09-24,NVDA,223.6600036621093,0.01,up,40,ml,224.5800018310547,0.41,up,True
2026-09-24,META,769.10498046875,0.67,up,45,ml,777.5900268554688,1.1,up,True
2026-09-24,TSLA,380.5578918457031,-0.0,up,40,ml,377.9400024414063,-0.69,down,False
2026-09-24,LLY,1188.625,0.13,up,41,ml,1181.8900146484375,-0.57,down,False
2026-09-24,AVGO,349.6300048828125,-0.02,down,40,ml,350.3599853515625,0.21,up,False
2026-09-24,JPM,336.7900085449219,0.02,up,40,ml,338.5599975585937,0.53,up,True
2026-09-24,V,365.8999938964844,0.03,up,40,ml,367.9800109863281,0.57,up,True
2026-09-24,UNH,372.3900146484375,-0.01,down,40,ml,375.010009765625,0.7,up,False
2026-09-24,XOM,162.63009643554688,-0.0,up,40,ml,162.13999938964844,-0.3,down,False
2026-09-24,MA,561.14501953125,-0.04,down,40,ml,566.0800170898438,0.88,up,False
2026-09-24,JNJ,271.3399963378906,-0.04,down,40,ml,270.67999267578125,-0.24,down,True
2026-09-24,PG,147.02999877929688,-0.04,down,40,ml,145.67999267578125,-0.92,down,True
2026-09-24,HD,291.7799987792969,0.05,up,40,ml,292.17999267578125,0.14,up,True
2026-09-24,COST,897.7650146484375,-0.01,down,40,ml,896.47998046875,-0.14,down,True
2026-09-24,MRK,148.27999877929688,0.1,up,40,ml,147.97999572753906,-0.2,down,False
2026-09-24,ABBV,264.0299987792969,-0.04,down,40,ml,265.1199951171875,0.41,up,False
2026-09-24,CVX,207.13999938964844,0.05,up,40,ml,205.6499938964844,-0.72,down,False
2026-09-24,PEP,128.99000549316406,0.16,up,41,ml,128.14999389648438,-0.65,down,False
2026-09-24,KO,88.5602035522461,-0.01,down,40,ml,88.0999984741211,-0.52,down,True
2026-09-24,ADBE,237.0350036621093,-0.01,down,40,ml,238.92999267578125,0.8,up,False
2026-09-24,WMT,108.3499984741211,0.08,up,40,ml,107.58999633789062,-0.7,down,False
2026-09-24,BAC,55.92499923706055,-0.0,up,40,ml,56.02999877929688,0.19,up,True
2026-09-24,CRM,238.97999572753903,-0.02,down,40,ml,238.22000122070312,-0.32,down,True
2026-09-24,NFLX,71.71019744873047,0.06,up,40,ml,71.72000122070312,0.01,up,True
2026-09-24,AMD,620.1400146484375,0.26,up,42,ml,629.260009765625,1.47,up,True
2026-09-24,TMO,672.8900146484375,0.13,up,41,ml,678.3900146484375,0.82,up,True
2026-09-24,ACN,179.58999633789062,0.08,up,40,ml,177.41000366210938,-1.21,down,False
2026-09-24,MCD,239.7700042724609,0.12,up,40,ml,237.0200042724609,-1.15,down,False
2026-09-24,LIN,469.6199951171875,-0.01,down,40,ml,468.1400146484375,-0.32,down,True
2026-09-24,CSCO,105.6050033569336,0.09,up,40,ml,106.97000122070312,1.29,up,True
2026-09-24,ABT,101.6500015258789,0.05,up,40,ml,101.06999969482422,-0.57,down,False
2026-09-24,DHR,222.3249969482422,0.04,up,40,ml,223.7700042724609,0.65,up,True
2026-09-24,WFC,81.58000183105469,-0.0,up,40,ml,82.18000030517578,0.74,up,True
2026-09-24,TXN,270.5950012207031,0.14,up,41,ml,270.6499938964844,0.02,up,True
2026-09-24,DIS,104.81500244140624,-0.0,up,40,ml,105.55999755859376,0.71,up,True
2026-09-24,PM,191.5749969482422,-0.0,up,40,ml,191.5,-0.04,down,False
2026-09-24,INTU,279.0,0.79,up,46,ml,277.1300048828125,-0.67,down,False
2026-09-24,AMGN,405.0899963378906,0.06,up,40,ml,406.0400085449219,0.23,up,True
2026-09-24,VZ,47.47700119018555,0.03,up,40,ml,47.31999969482422,-0.33,down,False
2026-09-24,IBM,227.7949981689453,0.14,up,41,ml,227.0599975585937,-0.32,down,False
2026-09-24,CAT,802.4299926757812,-0.01,down,40,ml,805.25,0.35,up,False
2026-09-24,GE,320.8099975585937,0.04,up,40,ml,319.7799987792969,-0.32,down,False
2026-09-24,NOW,138.58999633789062,0.02,up,40,ml,137.77999877929688,-0.58,down,False
2026-09-24,UNP,273.3099975585937,0.04,up,40,ml,274.07000732421875,0.28,up,True
2026-09-24,NEE,76.23500061035156,0.0,up,40,ml,75.62000274658203,-0.81,down,False
2026-09-24,LOW,188.02999877929688,-0.01,down,40,ml,188.4900054931641,0.24,up,False
2026-09-24,SPGI,403.6549987792969,-0.01,down,40,ml,403.25,-0.1,down,True
2026-09-24,RTX,190.97000122070312,-0.01,down,40,ml,188.6100006103516,-1.24,down,True
2026-09-24,HON,211.8699951171875,0.0,up,40,ml,211.7899932861328,-0.04,down,False
2026-09-24,QCOM,193.6600036621093,0.17,up,41,ml,194.259994506836,0.31,up,True
2026-09-24,BA,196.6300048828125,0.04,up,40,ml,196.8000030517578,0.09,up,True
2026-09-24,ISRG,400.5499877929688,0.03,up,40,ml,399.5199890136719,-0.26,down,False
2026-09-24,ELV,395.0650024414063,-0.01,down,40,ml,398.25,0.81,up,False
2026-09-24,PLD,134.1699981689453,-0.0,up,40,ml,133.82000732421875,-0.26,down,False
2026-09-24,GS,920.239990234375,0.07,up,40,ml,923.2899780273438,0.33,up,True
2026-09-24,AMAT,469.75,0.14,up,41,ml,474.25,0.96,up,True
2026-09-24,DE,694.2000122070312,0.09,up,40,ml,694.9400024414062,0.11,up,True
2026-09-24,BKNG,156.47000122070312,0.55,up,44,ml,157.41000366210938,0.6,up,True
2026-09-24,SYK,270.5799865722656,-0.0,up,40,ml,269.75,-0.31,down,False
2026-09-24,BLK,1064.22998046875,-0.01,down,40,ml,1073.449951171875,0.87,up,False
2026-09-24,T,25.584999084472656,-0.0,up,40,ml,25.450000762939453,-0.53,down,False
2026-09-24,MDT,88.8499984741211,-0.0,up,40,ml,88.51000213623047,-0.38,down,False
2026-09-24,LMT,527.3300170898438,-0.01,down,40,ml,523.7000122070312,-0.69,down,True
2026-09-24,ADP,262.260009765625,0.03,up,40,ml,263.1099853515625,0.32,up,True
2026-09-24,GILD,150.7899932861328,0.12,up,40,ml,149.69000244140625,-0.73,down,False
2026-09-24,MDLZ,60.9900016784668,-0.0,up,40,ml,60.86000061035156,-0.21,down,False
2026-09-24,C,132.05499267578125,-0.0,up,40,ml,132.10000610351562,0.03,up,True
2026-09-24,TJX,131.55499267578125,0.03,up,40,ml,131.6300048828125,0.06,up,True
2026-09-24,SBUX,93.02999877929688,-0.01,down,40,ml,93.6500015258789,0.67,up,False
2026-09-24,ADI,382.2099914550781,0.0,up,40,ml,382.6099853515625,0.1,up,True
2026-09-24,VRTX,521.0,0.0,up,40,ml,522.3800048828125,0.26,up,True
2026-09-24,CI,265.2950134277344,-0.01,down,40,ml,265.5,0.08,up,False
2026-09-24,REGN,792.3599853515625,0.14,up,41,ml,796.02001953125,0.46,up,True
2026-09-24,PGR,202.0500030517578,0.13,up,41,ml,202.1699981689453,0.06,up,True
2026-09-24,PANW,392.2300109863281,0.03,up,40,ml,389.9200134277344,-0.59,down,False
2026-09-24,ETN,436.489990234375,0.15,up,41,ml,440.0,0.8,up,True
2026-09-24,MO,69.19999694824219,-0.0,up,40,ml,68.87999725341797,-0.46,down,False
2026-09-24,BSX,44.709999084472656,-0.0,up,40,ml,44.68000030517578,-0.07,down,False
2026-09-24,ZTS,70.23999786376953,0.08,up,40,ml,70.2699966430664,0.04,up,True
2026-09-24,SCHW,98.93000030517578,0.03,up,40,ml,99.48999786376952,0.57,up,True
2026-09-24,CB,336.3450012207031,-0.04,down,40,ml,334.8399963378906,-0.45,down,True
2026-09-24,SO,83.31500244140625,-0.0,up,40,ml,82.88999938964844,-0.51,down,False
2026-09-24,BMY,60.910099029541016,0.15,up,41,ml,61.5,0.97,up,True
2026-09-24,MU,1069.39990234375,0.16,up,41,ml,1080.530029296875,1.04,up,True
2026-09-24,DUK,113.94499969482422,-0.0,up,40,ml,113.2300033569336,-0.63,down,False
2026-09-24,SLB,51.74620056152344,0.02,up,40,ml,51.43000030517578,-0.61,down,False
2026-09-24,EQIX,1042.8199462890625,0.0,up,40,ml,1034.760009765625,-0.77,down,False
2026-09-24,AON,276.5599975585937,0.07,up,40,ml,276.0899963378906,-0.17,down,False
2026-09-24,CME,269.9349975585937,-0.01,down,40,ml,268.9100036621094,-0.38,down,True
2026-09-24,ITW,270.7200012207031,-0.01,down,40,ml,272.0,0.47,up,False
2026-09-24,PYPL,52.02999877929688,-0.0,up,40,ml,52.59999847412109,1.1,up,True
2026-09-24,APD,286.2049865722656,0.02,up,40,ml,284.489990234375,-0.6,down,False
2026-09-24,KLAC,185.72000122070312,0.13,up,41,ml,187.1100006103516,0.75,up,True
2026-09-25,AAPL,340.0950012207031,-0.04,down,40,ml,341.07000732421875,0.29,up,False
2026-09-25,MSFT,515.9149780273438,0.14,up,41,ml,516.1699829101562,0.05,up,True
2026-09-25,GOOGL,344.1300048828125,-0.01,down,40,ml,343.9200134277344,-0.06,down,True
2026-09-25,AMZN,249.94000244140625,-0.01,down,40,ml,249.6699981689453,-0.11,down,True
2026-09-25,NVDA,224.759994506836,0.02,up,40,ml,225.07000732421875,0.14,up,True
2026-09-25,META,749.22998046875,0.46,up,43,ml,751.6599731445312,0.32,up,True
2026-09-25,TSLA,372.5899963378906,0.01,up,40,ml,372.1099853515625,-0.13,down,False
2026-09-25,LLY,1172.0350341796875,-0.02,down,40,ml,1183.4599609375,0.97,up,False
2026-09-25,AVGO,352.9700012207031,0.02,up,40,ml,352.8099975585937,-0.05,down,False
2026-09-25,JPM,341.6635131835937,-0.02,down,40,ml,343.0599975585937,0.41,up,False
2026-09-25,V,367.5499877929688,-0.01,down,40,ml,367.3800048828125,-0.05,down,True
2026-09-25,UNH,376.9316101074219,-0.01,down,40,ml,376.5899963378906,-0.09,down,True
2026-09-25,XOM,160.18499755859375,0.01,up,40,ml,160.58999633789062,0.25,up,True
2026-09-25,MA,567.5599975585938,-0.01,down,40,ml,567.6500244140625,0.02,up,False
2026-09-25,JNJ,269.79998779296875,-0.04,down,40,ml,271.2200012207031,0.53,up,False
2026-09-25,PG,145.77999877929688,-0.04,down,40,ml,146.22999572753906,0.31,up,False
2026-09-25,HD,294.4949951171875,0.0,up,40,ml,293.20001220703125,-0.44,down,False
2026-09-25,COST,920.9600219726562,0.03,up,40,ml,922.77001953125,0.2,up,True
2026-09-25,MRK,148.27999877929688,-0.01,down,40,ml,148.77999877929688,0.34,up,False
2026-09-25,ABBV,264.2499084472656,-0.04,down,40,ml,264.3399963378906,0.03,up,False
2026-09-25,CVX,203.71499633789065,0.02,up,40,ml,204.4499969482422,0.36,up,True
2026-09-25,PEP,128.1510009765625,-0.01,down,40,ml,128.6300048828125,0.37,up,False
2026-09-25,KO,88.01499938964844,-0.0,up,40,ml,87.80999755859375,-0.23,down,False
2026-09-25,ADBE,236.1295928955078,0.03,up,40,ml,235.47000122070312,-0.28,down,False
2026-09-25,WMT,107.94499969482422,-0.01,down,40,ml,107.9800033569336,0.03,up,False
2026-09-25,BAC,56.53499984741211,-0.0,up,40,ml,56.70000076293945,0.29,up,True
2026-09-25,CRM,234.6499938964844,0.03,up,40,ml,234.0200042724609,-0.27,down,False
2026-09-25,NFLX,71.11499786376953,-0.0,up,40,ml,71.1500015258789,0.05,up,True
2026-09-25,AMD,629.4398803710938,1.46,up,51,ml,630.6300048828125,0.19,up,True
2026-09-25,TMO,671.1500244140625,0.03,up,40,ml,675.0,0.57,up,True
2026-09-25,ACN,177.28500366210938,-0.01,down,40,ml,176.11000061035156,-0.66,down,True
2026-09-25,MCD,237.3249969482422,0.12,up,40,ml,236.5,-0.35,down,False
2026-09-25,LIN,469.3399963378906,-0.05,down,40,ml,469.8900146484375,0.12,up,False
2026-09-25,CSCO,107.54499816894533,0.03,up,40,ml,106.6999969482422,-0.79,down,False
2026-09-25,ABT,101.00499725341795,0.01,up,40,ml,101.29000091552734,0.28,up,True
2026-09-25,DHR,224.22999572753903,0.03,up,40,ml,224.4900054931641,0.12,up,True
2026-09-25,WFC,82.6500015258789,0.02,up,40,ml,82.97000122070312,0.39,up,True
2026-09-25,TXN,276.5199890136719,0.0,up,40,ml,278.07000732421875,0.56,up,True
2026-09-25,DIS,105.54000091552734,0.01,up,40,ml,106.1500015258789,0.58,up,True
2026-09-25,PM,189.0449981689453,-0.0,up,40,ml,190.47999572753903,0.76,up,True
2026-09-25,INTU,275.6700134277344,0.1,up,40,ml,275.7900085449219,0.04,up,True
2026-09-25,AMGN,411.6600036621094,-0.05,down,40,ml,414.6099853515625,0.72,up,False
2026-09-25,VZ,46.96500015258789,-0.0,up,40,ml,47.08000183105469,0.24,up,True
2026-09-25,IBM,226.2449951171875,-0.01,down,40,ml,225.509994506836,-0.32,down,True
2026-09-25,CAT,815.75,-0.0,up,40,ml,821.5800170898438,0.71,up,True
2026-09-25,GE,327.0199890136719,0.01,up,40,ml,327.0899963378906,0.02,up,True
2026-09-25,NOW,136.52000427246094,0.03,up,40,ml,135.6199951171875,-0.66,down,False
2026-09-25,UNP,273.6199951171875,-0.01,down,40,ml,273.7900085449219,0.06,up,False
2026-09-25,NEE,75.8499984741211,-0.0,up,40,ml,76.08000183105469,0.3,up,True
2026-09-25,LOW,189.1300048828125,-0.01,down,40,ml,189.27999877929688,0.08,up,False
2026-09-25,SPGI,403.25,0.02,up,40,ml,403.2999877929688,0.01,up,True
2026-09-25,RTX,188.26499938964844,-0.01,down,40,ml,189.3999938964844,0.6,up,False
2026-09-25,HON,212.4100952148437,-0.01,down,40,ml,212.5500030517578,0.07,up,False
2026-09-25,QCOM,204.7100067138672,0.91,up,47,ml,201.97000122070312,-1.34,down,False
2026-09-25,BA,199.72999572753903,-0.01,down,40,ml,198.07000732421875,-0.83,down,True
2026-09-25,ISRG,402.1499938964844,0.04,up,40,ml,405.1799926757813,0.75,up,True
2026-09-25,ELV,398.8349914550781,-0.0,up,40,ml,396.0899963378906,-0.69,down,False
2026-09-25,PLD,133.30999755859375,-0.04,down,40,ml,133.0500030517578,-0.2,down,True
2026-09-25,GS,930.7119750976562,0.01,up,40,ml,935.4500122070312,0.51,up,True
2026-09-25,AMAT,484.1400146484375,0.34,up,42,ml,485.0,0.18,up,True
2026-09-25,DE,684.0399780273438,-0.01,down,40,ml,690.4600219726562,0.94,up,False
2026-09-25,BKNG,163.23500061035156,0.36,up,42,ml,163.9499969482422,0.44,up,True
2026-09-25,SYK,273.4700012207031,0.03,up,40,ml,272.3599853515625,-0.41,down,False
2026-09-25,BLK,1082.0,0.01,up,40,ml,1086.31005859375,0.4,up,True
2026-09-25,T,25.32999992370605,-0.0,up,40,ml,25.3799991607666,0.2,up,True
2026-09-25,MDT,88.3499984741211,-0.01,down,40,ml,88.63999938964844,0.33,up,False
2026-09-25,LMT,517.25,-0.01,down,40,ml,519.5599975585938,0.45,up,False
2026-09-25,ADP,264.1199951171875,-0.0,up,40,ml,263.6700134277344,-0.17,down,False
2026-09-25,GILD,149.17999267578125,-0.0,up,40,ml,150.92999267578125,1.17,up,True
2026-09-25,MDLZ,60.20500183105469,-0.01,down,40,ml,60.25,0.07,up,False
2026-09-25,C,134.19500732421875,-0.01,down,40,ml,134.27999877929688,0.06,up,False
2026-09-25,TJX,130.39500427246094,-0.0,up,40,ml,130.05999755859375,-0.26,down,False
2026-09-25,SBUX,94.37999725341795,-0.01,down,40,ml,94.86000061035156,0.51,up,False
2026-09-25,ADI,394.3200073242188,0.42,up,43,ml,393.6000061035156,-0.18,down,False
2026-09-25,VRTX,523.3499755859375,-0.0,up,40,ml,526.1900024414062,0.54,up,True
2026-09-25,CI,269.8900146484375,-0.01,down,40,ml,272.010009765625,0.79,up,False
2026-09-25,REGN,786.4099731445312,-0.0,up,40,ml,788.0399780273438,0.21,up,True
2026-09-25,PGR,205.2238006591797,0.05,up,40,ml,205.5,0.13,up,True
2026-09-25,PANW,377.885009765625,0.15,up,41,ml,374.739990234375,-0.83,down,False
2026-09-25,ETN,438.9798889160156,0.05,up,40,ml,439.9800109863281,0.23,up,True
2026-09-25,MO,68.6500015258789,0.01,up,40,ml,68.81999969482422,0.25,up,True
2026-09-25,BSX,43.58990097045898,0.11,up,40,ml,43.91999816894531,0.76,up,True
2026-09-25,ZTS,70.26000213623047,0.01,up,40,ml,71.05000305175781,1.12,up,True
2026-09-25,SCHW,99.75499725341795,-0.0,up,40,ml,99.02999877929688,-0.73,down,False
2026-09-25,CB,334.1499938964844,-0.04,down,40,ml,333.3699951171875,-0.23,down,True
2026-09-25,SO,82.58999633789062,0.0,up,40,ml,82.87999725341797,0.35,up,True
2026-09-25,BMY,62.2599983215332,0.0,up,40,ml,62.86000061035156,0.96,up,True
2026-09-25,MU,1083.18505859375,-0.01,down,40,ml,1082.280029296875,-0.08,down,True
2026-09-25,DUK,112.92250061035156,-0.04,down,40,ml,113.3499984741211,0.38,up,False
2026-09-25,SLB,51.56999969482422,0.03,up,40,ml,51.540000915527344,-0.06,down,False
2026-09-25,EQIX,1021.6300048828124,-0.01,down,40,ml,1008.0800170898438,-1.33,down,True
2026-09-25,AON,279.5799865722656,-0.0,up,40,ml,277.989990234375,-0.57,down,False
2026-09-25,CME,262.9800109863281,0.12,up,40,ml,264.4800109863281,0.57,up,True
2026-09-25,ITW,274.5599975585937,-0.04,down,40,ml,274.32000732421875,-0.09,down,True
2026-09-25,PYPL,54.97999954223633,0.25,up,41,ml,55.040000915527344,0.11,up,True
2026-09-25,APD,282.5050048828125,-0.01,down,40,ml,281.760009765625,-0.26,down,True
2026-09-25,KLAC,187.96499633789065,0.01,up,40,ml,187.9199981689453,-0.02,down,False
2026-09-28,AAPL,338.3349914550781,0.01,up,40,ml,338.3999938964844,0.02,up,True
2026-09-28,MSFT,509.2699890136719,-0.01,down,40,ml,509.2200012207031,-0.01,down,True
2026-09-28,GOOGL,342.6199951171875,-0.01,down,40,ml,342.75,0.04,up,False
2026-09-28,AMZN,246.23989868164065,0.0,up,40,ml,246.1499938964844,-0.04,down,False
2026-09-28,NVDA,228.7749938964844,0.0,up,40,ml,228.8600006103516,0.04,up,True
2026-09-28,META,715.3900146484375,0.06,up,40,ml,715.6199951171875,0.03,up,True
2026-09-28,TSLA,357.42999267578125,0.07,up,40,ml,357.45001220703125,0.01,up,True
2026-09-28,LLY,1184.0999755859375,-0.01,down,40,ml,1184.780029296875,0.06,up,False
2026-09-28,AVGO,349.6400146484375,0.01,up,40,ml,349.57000732421875,-0.02,down,False
2026-09-28,JPM,336.79998779296875,-0.01,down,40,ml,336.5899963378906,-0.06,down,True
2026-09-28,V,367.8450012207031,-0.0,up,40,ml,367.739990234375,-0.03,down,False
2026-09-28,UNH,377.5499877929688,-0.0,up,40,ml,377.8299865722656,0.07,up,True
2026-09-28,XOM,162.4600067138672,0.0,up,40,ml,162.52000427246094,0.04,up,True
2026-09-28,MA,568.4500122070312,-0.0,up,40,ml,568.260009765625,-0.03,down,False
2026-09-28,JNJ,272.0599975585937,-0.03,down,40,ml,271.95001220703125,-0.04,down,True
2026-09-28,PG,148.95249938964844,0.0,up,40,ml,149.02999877929688,0.05,up,True
2026-09-28,HD,289.7449951171875,0.0,up,40,ml,289.8900146484375,0.05,up,True
2026-09-28,COST,923.0399780273438,-0.0,up,40,ml,922.9199829101562,-0.01,down,False
2026-09-28,MRK,148.4949951171875,-0.0,up,40,ml,148.69000244140625,0.13,up,True
2026-09-28,ABBV,266.32000732421875,0.04,up,40,ml,266.2799987792969,-0.02,down,False
2026-09-28,CVX,206.3650054931641,0.0,up,40,ml,206.3699951171875,0.0,up,True
2026-09-28,PEP,128.4250030517578,-0.0,up,40,ml,128.5,0.06,up,True
2026-09-28,KO,87.17500305175781,0.01,up,40,ml,87.18000030517578,0.01,up,True
2026-09-28,ADBE,231.1100006103516,0.1,up,40,ml,231.009994506836,-0.04,down,False
2026-09-28,WMT,108.7300033569336,-0.0,up,40,ml,108.7300033569336,0.0,up,True
2026-09-28,BAC,55.42499923706055,0.07,up,40,ml,55.470001220703125,0.08,up,True
2026-09-28,CRM,227.0800018310547,0.18,up,41,ml,227.2700042724609,0.08,up,True
2026-09-28,NFLX,69.23500061035156,0.1,up,40,ml,69.2300033569336,-0.01,down,False
2026-09-28,AMD,608.4099731445312,-0.02,down,40,ml,607.8699951171875,-0.09,down,True
2026-09-28,TMO,677.7750244140625,0.1,up,40,ml,678.5999755859375,0.12,up,True
2026-09-28,ACN,174.33999633789062,0.01,up,40,ml,174.47000122070312,0.07,up,True
2026-09-28,MCD,233.32000732421875,0.21,up,41,ml,233.6000061035156,0.12,up,True
2026-09-28,LIN,471.8500061035156,-0.05,down,40,ml,472.0400085449219,0.04,up,False
2026-09-28,CSCO,106.80999755859376,0.02,up,40,ml,106.73999786376952,-0.07,down,False
2026-09-28,ABT,100.9000015258789,-0.01,down,40,ml,100.9800033569336,0.08,up,False
2026-09-28,DHR,227.4900054931641,0.04,up,40,ml,227.3300018310547,-0.07,down,False
2026-09-28,WFC,80.78600311279297,0.12,up,41,ml,80.80999755859375,0.03,up,True
2026-09-28,TXN,278.44000244140625,0.02,up,40,ml,278.3099975585937,-0.05,down,False
2026-09-28,DIS,105.5998992919922,-0.0,up,40,ml,105.58999633789062,-0.01,down,False
2026-09-28,PM,193.4750061035156,0.0,up,40,ml,193.759994506836,0.15,up,True
2026-09-28,INTU,269.4800109863281,1.3,up,50,ml,269.3999938964844,-0.03,down,False
2026-09-28,AMGN,418.2999877929688,-0.0,up,40,ml,418.1300048828125,-0.04,down,False
2026-09-28,VZ,46.665000915527344,0.0,up,40,ml,46.68000030517578,0.03,up,True
2026-09-28,IBM,220.759994506836,0.1,up,40,ml,220.6699981689453,-0.04,down,False
2026-09-28,CAT,819.1799926757812,-0.01,down,40,ml,819.9500122070312,0.09,up,False
2026-09-28,GE,318.0849914550781,0.06,up,40,ml,318.239990234375,0.05,up,True
2026-09-28,NOW,131.35499572753906,0.11,up,40,ml,131.4499969482422,0.07,up,True
2026-09-28,UNP,274.135009765625,-0.01,down,40,ml,274.1000061035156,-0.01,down,True
2026-09-28,NEE,75.56999969482422,0.01,up,40,ml,75.48999786376953,-0.11,down,False
2026-09-28,LOW,187.4850006103516,-0.01,down,40,ml,187.6600036621093,0.09,up,False
2026-09-28,SPGI,395.9100036621094,-0.02,down,40,ml,395.9200134277344,0.0,up,False
2026-09-28,RTX,187.5500030517578,-0.01,down,40,ml,187.6600036621093,0.06,up,False
2026-09-28,HON,211.5399932861328,-0.0,up,40,ml,211.5200042724609,-0.01,down,False
2026-09-28,QCOM,187.47999572753903,-0.85,down,47,ml,187.47999572753903,0.0,up,False
2026-09-28,BA,184.40499877929688,-0.17,down,41,ml,184.38999938964844,-0.01,down,True
2026-09-28,ISRG,414.8900146484375,0.13,up,41,ml,414.7900085449219,-0.02,down,False
2026-09-28,ELV,394.4100036621094,-0.05,down,40,ml,394.5899963378906,0.05,up,False
2026-09-28,PLD,132.41000366210938,-0.06,down,40,ml,132.44000244140625,0.02,up,False
2026-09-28,GS,916.3499755859376,0.05,up,40,ml,916.280029296875,-0.01,down,False
2026-09-28,AMAT,487.1000061035156,0.03,up,40,ml,486.760009765625,-0.07,down,False
2026-09-28,DE,688.75,-0.0,up,40,ml,689.5900268554688,0.12,up,True
2026-09-28,BKNG,163.8699951171875,-0.02,down,40,ml,163.8699951171875,0.0,up,False
2026-09-28,SYK,275.6099853515625,-0.0,up,40,ml,275.3099975585937,-0.11,down,False
2026-09-28,BLK,1069.949951171875,-0.0,up,40,ml,1071.25,0.12,up,True
2026-09-28,T,24.905000686645508,-0.0,up,40,ml,24.89999961853028,-0.02,down,False
2026-09-28,MDT,89.41000366210938,0.02,up,40,ml,89.5,0.1,up,True
2026-09-28,LMT,517.7550048828125,-0.01,down,40,ml,518.0999755859375,0.07,up,False
2026-09-28,ADP,261.69000244140625,-0.05,down,40,ml,261.79998779296875,0.04,up,False
2026-09-28,GILD,152.1699981689453,0.01,up,40,ml,152.2100067138672,0.03,up,True
2026-09-28,MDLZ,60.150001525878906,-0.0,up,40,ml,60.18000030517578,0.05,up,True
2026-09-28,C,131.19000244140625,0.07,up,40,ml,131.30999755859375,0.09,up,True
2026-09-28,TJX,130.25,-0.01,down,40,ml,130.25,0.0,up,False
2026-09-28,SBUX,95.31500244140624,0.0,up,40,ml,95.2699966430664,-0.05,down,False
2026-09-28,ADI,395.9400024414063,0.04,up,40,ml,395.4299926757813,-0.13,down,False
2026-09-28,VRTX,527.5150146484375,-0.0,up,40,ml,527.6699829101562,0.03,up,True
2026-09-28,CI,271.4200134277344,-0.01,down,40,ml,271.8299865722656,0.15,up,False
2026-09-28,REGN,752.0599975585938,0.08,up,40,ml,752.25,0.03,up,True
2026-09-28,PGR,209.40499877929688,0.02,up,40,ml,209.47000122070312,0.03,up,True
2026-09-28,PANW,391.9400024414063,0.52,up,44,ml,392.0899963378906,0.04,up,True
2026-09-28,ETN,430.989990234375,0.12,up,41,ml,431.4100036621094,0.1,up,True
2026-09-28,MO,69.1449966430664,-0.05,down,40,ml,69.12999725341797,-0.02,down,True
2026-09-28,BSX,44.14500045776367,0.0,up,40,ml,44.11000061035156,-0.08,down,False
2026-09-28,ZTS,71.44999694824219,0.0,up,40,ml,71.43000030517578,-0.03,down,False
2026-09-28,SCHW,98.22000122070312,0.03,up,40,ml,98.3000030517578,0.08,up,True
2026-09-28,CB,330.9800109863281,-0.04,down,40,ml,331.3699951171875,0.12,up,False
2026-09-28,SO,82.34500122070312,0.03,up,40,ml,82.3499984741211,0.01,up,True
2026-09-28,BMY,63.875,-0.03,down,40,ml,63.880001068115234,0.01,up,False
2026-09-28,MU,1054.4100341796875,0.03,up,40,ml,1053.97998046875,-0.04,down,False
2026-09-28,DUK,113.4000015258789,-0.05,down,40,ml,113.41000366210938,0.01,up,False
2026-09-28,SLB,51.43000030517578,0.02,up,40,ml,51.4900016784668,0.12,up,True
2026-09-28,EQIX,1011.4650268554688,-0.01,down,40,ml,1011.0700073242188,-0.04,down,True
2026-09-28,AON,271.5899963378906,0.27,up,42,ml,272.1000061035156,0.19,up,True
2026-09-28,CME,263.2200012207031,-0.0,up,40,ml,263.239990234375,0.01,up,True
2026-09-28,ITW,273.69000244140625,-0.05,down,40,ml,273.8299865722656,0.05,up,False
2026-09-28,PYPL,54.27000045776367,0.01,up,40,ml,54.27999877929688,0.02,up,True
2026-09-28,APD,278.69000244140625,-0.01,down,40,ml,278.75,0.02,up,False
2026-09-28,KLAC,189.259994506836,0.03,up,40,ml,189.1699981689453,-0.05,down,False
2026-09-29,AAPL,331.510009765625,0.1,up,40,ml,329.3999938964844,-0.64,down,False
2026-09-29,MSFT,507.43499755859375,-0.02,down,40,ml,508.9599914550781,0.3,up,False
2026-09-29,GOOGL,339.989990234375,0.0,up,40,ml,340.9200134277344,0.27,up,True
2026-09-29,AMZN,247.3099975585937,-0.01,down,40,ml,246.6699981689453,-0.26,down,True
2026-09-29,NVDA,228.0399932861328,0.0,up,40,ml,227.2100067138672,-0.36,down,False
2026-09-29,META,733.06591796875,0.07,up,40,ml,738.7899780273438,0.78,up,True
2026-09-29,TSLA,354.30499267578125,0.01,up,40,ml,352.8399963378906,-0.41,down,False
2026-09-29,LLY,1186.47998046875,-0.0,up,40,ml,1184.6300048828125,-0.16,down,False
2026-09-29,AVGO,355.510009765625,0.01,up,40,ml,355.1000061035156,-0.12,down,False
2026-09-29,JPM,335.2300109863281,-0.01,down,40,ml,334.9800109863281,-0.07,down,True
2026-09-29,V,367.05999755859375,0.0,up,40,ml,365.8800048828125,-0.32,down,False
2026-09-29,UNH,373.6499938964844,-0.06,down,40,ml,374.9400024414063,0.35,up,False
2026-09-29,XOM,161.36500549316406,0.01,up,40,ml,161.35000610351562,-0.01,down,False
2026-09-29,MA,564.4299926757812,0.0,up,40,ml,563.5800170898438,-0.15,down,False
2026-09-29,JNJ,266.95001220703125,-0.05,down,40,ml,267.57000732421875,0.23,up,False
2026-09-29,PG,148.36819458007812,0.0,up,40,ml,148.32000732421875,-0.03,down,False
2026-09-29,HD,289.05010986328125,-0.01,down,40,ml,288.0400085449219,-0.35,down,True
2026-09-29,COST,924.9299926757812,-0.0,up,40,ml,924.5900268554688,-0.04,down,False
2026-09-29,MRK,148.9499969482422,-0.0,up,40,ml,149.27999877929688,0.22,up,True
2026-09-29,ABBV,263.9100036621094,-0.05,down,40,ml,263.2900085449219,-0.23,down,True
2026-09-29,CVX,204.27999877929688,0.01,up,40,ml,204.3800048828125,0.05,up,True
2026-09-29,PEP,128.59500122070312,-0.0,up,40,ml,128.69000244140625,0.07,up,True
2026-09-29,KO,87.11499786376953,-0.0,up,40,ml,86.83999633789062,-0.32,down,False
2026-09-29,ADBE,230.46499633789065,0.01,up,40,ml,233.1699981689453,1.17,up,True
2026-09-29,WMT,106.44499969482422,0.07,up,40,ml,106.8000030517578,0.33,up,True
2026-09-29,BAC,55.03499984741211,0.01,up,40,ml,54.959999084472656,-0.14,down,False
2026-09-29,CRM,225.07000732421875,0.08,up,40,ml,225.3099975585937,0.11,up,True
2026-09-29,NFLX,70.18499755859375,-0.01,down,40,ml,70.30000305175781,0.16,up,False
2026-09-29,AMD,610.135009765625,-0.11,down,40,ml,607.5700073242188,-0.42,down,True
2026-09-29,TMO,676.780029296875,0.06,up,40,ml,679.6099853515625,0.42,up,True
2026-09-29,ACN,175.28500366210938,-0.01,down,40,ml,177.1199951171875,1.05,up,False
2026-09-29,MCD,234.83999633789065,0.17,up,41,ml,233.97999572753903,-0.37,down,False
2026-09-29,LIN,473.3399963378906,-0.04,down,40,ml,473.3699951171875,0.01,up,False
2026-09-29,CSCO,107.0500030517578,0.0,up,40,ml,106.94000244140624,-0.1,down,False
2026-09-29,ABT,100.51000213623048,-0.0,up,40,ml,100.9499969482422,0.44,up,True
2026-09-29,DHR,225.2949981689453,0.04,up,40,ml,226.1100006103516,0.36,up,True
2026-09-29,WFC,80.63500213623047,-0.0,up,40,ml,80.4800033569336,-0.19,down,False
2026-09-29,TXN,281.7900085449219,0.06,up,40,ml,281.69000244140625,-0.04,down,False
2026-09-29,DIS,104.9499969482422,0.02,up,40,ml,105.41000366210938,0.44,up,True
2026-09-29,PM,193.134994506836,-0.0,up,40,ml,193.8999938964844,0.4,up,True
2026-09-29,INTU,264.29998779296875,-0.24,down,42,ml,268.0299987792969,1.41,up,False
2026-09-29,AMGN,421.1900024414063,0.0,up,40,ml,423.6400146484375,0.58,up,True
2026-09-29,VZ,46.10499954223633,0.01,up,40,ml,45.97999954223633,-0.27,down,False
2026-09-29,IBM,221.1649932861328,-0.0,up,40,ml,219.9900054931641,-0.53,down,False
2026-09-29,CAT,822.6199951171875,-0.01,down,40,ml,826.6400146484375,0.49,up,False
2026-09-29,GE,318.7250061035156,-0.0,up,40,ml,317.8900146484375,-0.26,down,False
2026-09-29,NOW,129.16000366210938,0.01,up,40,ml,129.94000244140625,0.6,up,True
2026-09-29,UNP,273.1199951171875,-0.0,up,40,ml,274.1499938964844,0.38,up,True
2026-09-29,NEE,75.80999755859375,-0.0,up,40,ml,75.88999938964844,0.11,up,True
2026-09-29,LOW,187.384994506836,-0.01,down,40,ml,187.259994506836,-0.07,down,True
2026-09-29,SPGI,390.4700012207031,-0.0,up,40,ml,392.4500122070313,0.51,up,True
2026-09-29,RTX,187.0800018310547,-0.01,down,40,ml,186.94000244140625,-0.07,down,True
2026-09-29,HON,209.5399932861328,0.01,up,40,ml,210.1300048828125,0.28,up,True
2026-09-29,QCOM,184.7400054931641,0.2,up,41,ml,184.1000061035156,-0.35,down,False
2026-09-29,BA,187.55799865722656,0.01,up,40,ml,187.67999267578125,0.07,up,True
2026-09-29,ISRG,410.3999938964844,0.1,up,40,ml,412.1799926757813,0.43,up,True
2026-09-29,ELV,394.2538146972656,-0.04,down,40,ml,392.7300109863281,-0.39,down,True
2026-09-29,PLD,132.52499389648438,-0.04,down,40,ml,132.61000061035156,0.06,up,False
2026-09-29,GS,912.9000244140624,0.04,up,40,ml,916.239990234375,0.37,up,True
2026-09-29,AMAT,505.864990234375,0.46,up,43,ml,512.010009765625,1.21,up,True
2026-09-29,DE,679.969970703125,0.0,up,40,ml,680.5,0.08,up,True
2026-09-29,BKNG,163.27000427246094,-0.01,down,40,ml,162.33999633789062,-0.57,down,True
2026-09-29,SYK,276.81500244140625,-0.0,up,40,ml,278.7699890136719,0.71,up,True
2026-09-29,BLK,1069.6600341796875,-0.0,up,40,ml,1067.93994140625,-0.16,down,False
2026-09-29,T,24.6200008392334,0.01,up,40,ml,24.479999542236328,-0.57,down,False
2026-09-29,MDT,87.29000091552734,0.11,up,40,ml,87.08999633789062,-0.23,down,False
2026-09-29,LMT,511.5899963378906,-0.0,up,40,ml,512.2100219726562,0.12,up,True
2026-09-29,ADP,260.9800109863281,-0.06,down,40,ml,261.79998779296875,0.31,up,False
2026-09-29,GILD,151.35499572753906,0.02,up,40,ml,151.27999877929688,-0.05,down,False
2026-09-29,MDLZ,59.5099983215332,0.01,up,40,ml,59.31999969482422,-0.32,down,False
2026-09-29,C,130.95989990234375,-0.0,up,40,ml,130.8000030517578,-0.12,down,False
2026-09-29,TJX,134.31500244140625,0.33,up,42,ml,133.8000030517578,-0.38,down,False
2026-09-29,SBUX,95.4800033569336,-0.0,up,40,ml,95.43000030517578,-0.05,down,False
2026-09-29,ADI,398.5849914550781,0.04,up,40,ml,398.2200012207031,-0.09,down,False
2026-09-29,VRTX,527.469970703125,-0.05,down,40,ml,526.72998046875,-0.14,down,True
2026-09-29,CI,274.75,-0.0,up,40,ml,275.260009765625,0.19,up,True
2026-09-29,REGN,750.510009765625,0.0,up,40,ml,750.510009765625,0.0,up,True
2026-09-29,PGR,209.5,0.03,up,40,ml,210.5200042724609,0.49,up,True
2026-09-29,PANW,386.0199890136719,0.05,up,40,ml,388.4100036621094,0.62,up,True
2026-09-29,ETN,432.364990234375,0.04,up,40,ml,433.2699890136719,0.21,up,True
2026-09-29,MO,68.54499816894531,-0.05,down,40,ml,68.72000122070312,0.26,up,False
2026-09-29,BSX,43.38999938964844,-0.01,down,40,ml,43.880001068115234,1.13,up,False
2026-09-29,ZTS,70.30999755859375,-0.01,down,40,ml,70.30000305175781,-0.01,down,True
2026-09-29,SCHW,98.7699966430664,-0.01,down,40,ml,99.0999984741211,0.33,up,False
2026-09-29,CB,330.0400085449219,-0.05,down,40,ml,332.0799865722656,0.62,up,False
2026-09-29,SO,83.26000213623047,-0.0,up,40,ml,83.44999694824219,0.23,up,True
2026-09-29,BMY,63.54499816894531,0.0,up,40,ml,62.86000061035156,-1.08,down,False
2026-09-29,MU,1072.405029296875,-0.03,down,40,ml,1065.0799560546875,-0.68,down,True
2026-09-29,DUK,114.0199966430664,-0.05,down,40,ml,114.20999908447266,0.17,up,False
2026-09-29,SLB,50.09000015258789,0.1,up,40,ml,49.869998931884766,-0.44,down,False
2026-09-29,EQIX,1013.030029296875,-0.01,down,40,ml,1015.27001953125,0.22,up,False
2026-09-29,AON,273.67999267578125,-0.01,down,40,ml,275.8999938964844,0.81,up,False
2026-09-29,CME,265.3800048828125,0.0,up,40,ml,263.2200012207031,-0.81,down,False
2026-09-29,ITW,266.3550109863281,0.07,up,40,ml,267.07000732421875,0.27,up,True
2026-09-29,PYPL,53.59999847412109,0.0,up,40,ml,53.88999938964844,0.54,up,True
2026-09-29,APD,278.3399963378906,-0.01,down,40,ml,279.19000244140625,0.31,up,False
2026-09-29,KLAC,195.40499877929688,0.37,up,43,ml,196.52999877929688,0.58,up,True
2026-09-30,AAPL,336.5000915527344,0.0,up,40,ml,333.0199890136719,-1.03,down,False
2026-09-30,MSFT,518.5499877929688,-0.02,down,40,ml,512.9000244140625,-1.09,down,True
2026-09-30,GOOGL,349.489990234375,0.03,up,40,ml,344.0799865722656,-1.55,down,False
2026-09-30,AMZN,250.67999267578125,-0.0,up,40,ml,249.1499938964844,-0.61,down,False
2026-09-30,NVDA,230.84500122070312,0.0,up,40,ml,228.3800048828125,-1.07,down,False
2026-09-30,META,733.864990234375,-0.18,down,41,ml,725.1799926757812,-1.18,down,True
2026-09-30,TSLA,353.2550048828125,0.0,up,40,ml,354.8099975585937,0.44,up,True
2026-09-30,LLY,1169.18798828125,-0.01,down,40,ml,1157.0799560546875,-1.04,down,True
2026-09-30,AVGO,354.0050048828125,0.01,up,40,ml,351.19000244140625,-0.8,down,False
2026-09-30,JPM,331.94000244140625,-0.01,down,40,ml,330.8299865722656,-0.33,down,True
2026-09-30,V,361.41009521484375,0.01,up,40,ml,359.3299865722656,-0.58,down,False
2026-09-30,UNH,368.75,-0.02,down,40,ml,367.0799865722656,-0.45,down,True
2026-09-30,XOM,163.85499572753906,0.0,up,40,ml,162.75,-0.67,down,False
2026-09-30,MA,555.9500122070312,0.0,up,40,ml,551.469970703125,-0.81,down,False
2026-09-30,JNJ,266.5199890136719,-0.06,down,40,ml,264.739990234375,-0.67,down,True
2026-09-30,PG,146.61000061035156,0.01,up,40,ml,145.27999877929688,-0.91,down,False
2026-09-30,HD,284.9649963378906,-0.0,up,40,ml,284.489990234375,-0.17,down,False
2026-09-30,COST,916.6900024414062,-0.0,up,40,ml,910.3400268554688,-0.69,down,False
2026-09-30,MRK,146.7100067138672,-0.01,down,40,ml,145.30999755859375,-0.95,down,True
2026-09-30,ABBV,263.2300109863281,-0.05,down,40,ml,261.5899963378906,-0.62,down,True
2026-09-30,CVX,206.2216033935547,0.02,up,40,ml,204.2100067138672,-0.98,down,False
2026-09-30,PEP,127.36000061035156,0.01,up,40,ml,126.72000122070312,-0.5,down,False
2026-09-30,KO,86.41010284423828,-0.0,up,40,ml,86.08000183105469,-0.38,down,False
2026-09-30,ADBE,239.72999572753903,0.17,up,41,ml,239.94000244140625,0.09,up,True
2026-09-30,WMT,105.08000183105467,-0.02,down,40,ml,103.91999816894533,-1.1,down,True
2026-09-30,BAC,54.494998931884766,0.01,up,40,ml,54.43000030517578,-0.12,down,False
2026-09-30,CRM,229.0780029296875,0.08,up,40,ml,229.57000732421875,0.21,up,True
2026-09-30,NFLX,69.78500366210938,0.0,up,40,ml,69.58000183105469,-0.29,down,False
2026-09-30,AMD,608.27001953125,-0.11,down,40,ml,611.760009765625,0.57,up,False
2026-09-30,TMO,681.7249755859375,0.1,up,40,ml,675.0499877929688,-0.98,down,False
2026-09-30,ACN,182.5101013183593,0.15,up,41,ml,183.3699951171875,0.47,up,True
2026-09-30,MCD,231.80499267578125,-0.01,down,40,ml,230.94000244140625,-0.37,down,True
2026-09-30,LIN,479.2799987792969,-0.16,down,41,ml,474.6499938964844,-0.97,down,True
2026-09-30,CSCO,107.9250030517578,-0.0,up,40,ml,107.62999725341795,-0.27,down,False
2026-09-30,ABT,99.47000122070312,0.01,up,40,ml,98.83000183105467,-0.64,down,False
2026-09-30,DHR,223.6699981689453,0.05,up,40,ml,221.5500030517578,-0.95,down,False
2026-09-30,WFC,79.99500274658203,0.03,up,40,ml,80.05000305175781,0.07,up,True
2026-09-30,TXN,282.1000061035156,0.06,up,40,ml,280.0899963378906,-0.71,down,False
2026-09-30,DIS,105.26499938964844,-0.0,up,40,ml,104.9000015258789,-0.35,down,False
2026-09-30,PM,191.9750061035156,0.01,up,40,ml,190.82000732421875,-0.6,down,False
2026-09-30,INTU,273.5950012207031,0.14,up,41,ml,275.7099914550781,0.77,up,True
2026-09-30,AMGN,423.3450012207031,0.01,up,40,ml,421.510009765625,-0.43,down,False
2026-09-30,VZ,45.96500015258789,-0.0,up,40,ml,45.869998931884766,-0.21,down,False
2026-09-30,IBM,219.47059631347656,0.02,up,40,ml,219.92999267578125,0.21,up,True
2026-09-30,CAT,818.2839965820312,-0.0,up,40,ml,810.7899780273438,-0.92,down,False
2026-09-30,GE,314.1099853515625,-0.0,up,40,ml,312.2900085449219,-0.58,down,False
2026-09-30,NOW,134.22000122070312,0.35,up,42,ml,134.00999450683594,-0.16,down,False
2026-09-30,UNP,274.2300109863281,-0.0,up,40,ml,272.1300048828125,-0.77,down,False
2026-09-30,NEE,76.06999969482422,-0.0,up,40,ml,75.73999786376953,-0.43,down,False
2026-09-30,LOW,185.3300018310547,-0.01,down,40,ml,184.2899932861328,-0.56,down,True
2026-09-30,SPGI,395.135009765625,-0.01,down,40,ml,394.4700012207031,-0.17,down,True
2026-09-30,RTX,186.0,-0.01,down,40,ml,185.6499938964844,-0.19,down,True
2026-09-30,HON,210.4550018310547,0.01,up,40,ml,210.94000244140625,0.23,up,True
2026-09-30,QCOM,184.180892944336,0.04,up,40,ml,184.0399932861328,-0.08,down,False
2026-09-30,BA,185.8500061035156,0.1,up,40,ml,186.0500030517578,0.11,up,True
2026-09-30,ISRG,409.3949890136719,0.09,up,40,ml,406.6300048828125,-0.68,down,False
2026-09-30,ELV,392.2850036621094,-0.04,down,40,ml,388.8200073242188,-0.88,down,True
2026-09-30,PLD,130.73500061035156,0.0,up,40,ml,129.83999633789062,-0.68,down,False
2026-09-30,GS,903.4349975585938,0.05,up,40,ml,900.3599853515625,-0.34,down,False
2026-09-30,AMAT,511.9549865722656,0.06,up,40,ml,511.3800048828125,-0.11,down,False
2026-09-30,DE,671.7899780273438,0.0,up,40,ml,671.5499877929688,-0.04,down,False
2026-09-30,BKNG,162.66000366210938,-0.0,up,40,ml,162.91000366210938,0.15,up,True
2026-09-30,SYK,275.20001220703125,0.01,up,40,ml,275.3900146484375,0.07,up,True
2026-09-30,BLK,1059.5350341796875,-0.0,up,40,ml,1058.2900390625,-0.12,down,False
2026-09-30,T,24.530000686645508,-0.0,up,40,ml,24.39999961853028,-0.53,down,False
2026-09-30,MDT,86.73500061035156,0.05,up,40,ml,86.29000091552734,-0.51,down,False
2026-09-30,LMT,507.7999877929688,-0.0,up,40,ml,509.25,0.29,up,True
2026-09-30,ADP,261.07000732421875,-0.04,down,40,ml,258.0599975585937,-1.15,down,True
2026-09-30,GILD,150.39999389648438,0.01,up,40,ml,149.0500030517578,-0.9,down,False
2026-09-30,MDLZ,58.209999084472656,-0.0,up,40,ml,57.81999969482422,-0.67,down,False
2026-09-30,C,129.9199981689453,0.01,up,40,ml,129.47999572753906,-0.34,down,False
2026-09-30,TJX,132.49000549316406,-0.0,up,40,ml,132.30999755859375,-0.14,down,False
2026-09-30,SBUX,95.2126007080078,-0.04,down,40,ml,93.95999908447266,-1.32,down,True
2026-09-30,ADI,398.8696899414063,0.05,up,40,ml,396.7099914550781,-0.54,down,False
2026-09-30,VRTX,526.5050048828125,-0.05,down,40,ml,522.8099975585938,-0.7,down,True
2026-09-30,CI,273.5249938964844,0.03,up,40,ml,271.8299865722656,-0.62,down,False
2026-09-30,REGN,760.405029296875,-0.01,down,40,ml,758.27001953125,-0.28,down,True
2026-09-30,PGR,208.83999633789065,0.01,up,40,ml,207.3099975585937,-0.73,down,False
2026-09-30,PANW,400.8049926757813,0.45,up,43,ml,397.30999755859375,-0.87,down,False
2026-09-30,ETN,432.1499938964844,0.03,up,40,ml,429.7099914550781,-0.56,down,False
2026-09-30,MO,67.34500122070312,0.09,up,40,ml,67.33999633789062,-0.01,down,False
2026-09-30,BSX,43.69499969482422,-0.0,up,40,ml,43.650001525878906,-0.1,down,False
2026-09-30,ZTS,69.81999969482422,0.01,up,40,ml,69.83000183105469,0.01,up,True
2026-09-30,SCHW,98.22000122070312,0.01,up,40,ml,97.73999786376952,-0.49,down,False
2026-09-30,CB,328.1300048828125,-0.03,down,40,ml,325.25,-0.88,down,True
2026-09-30,SO,83.18000030517578,-0.0,up,40,ml,82.88999938964844,-0.35,down,False
2026-09-30,BMY,62.8119010925293,0.0,up,40,ml,62.400001525878906,-0.66,down,False
2026-09-30,MU,1070.3800048828125,-0.02,down,40,ml,1065.1099853515625,-0.49,down,True
2026-09-30,DUK,114.2249984741211,-0.0,up,40,ml,114.01000213623048,-0.19,down,False
2026-09-30,SLB,49.025001525878906,-0.02,down,40,ml,48.720001220703125,-0.62,down,True
2026-09-30,EQIX,1016.5900268554688,-0.01,down,40,ml,1011.5800170898438,-0.49,down,True
2026-09-30,AON,275.5599975585937,-0.42,down,43,ml,276.7699890136719,0.44,up,False
2026-09-30,CME,262.74859619140625,-0.0,up,40,ml,261.9800109863281,-0.29,down,False
2026-09-30,ITW,260.5,0.07,up,40,ml,257.2799987792969,-1.24,down,False
2026-09-30,PYPL,52.48500061035156,0.07,up,40,ml,52.52999877929688,0.09,up,True
2026-09-30,APD,281.81451416015625,-0.01,down,40,ml,278.2300109863281,-1.27,down,True
2026-09-30,KLAC,195.7100067138672,0.04,up,40,ml,194.92999267578125,-0.4,down,False
2026-10-01,AAPL,329.80938720703125,0.01,up,40,ml,330.32000732421875,0.15,up,True
2026-10-01,MSFT,516.2550048828125,-0.01,down,40,ml,512.7999877929688,-0.67,down,True
2026-10-01,GOOGL,338.8299865722656,0.0,up,40,ml,338.239990234375,-0.17,down,False
2026-10-01,AMZN,249.5500030517578,-0.0,up,40,ml,248.22999572753903,-0.53,down,False
2026-10-01,NVDA,231.8600006103516,-0.0,up,40,ml,230.8600006103516,-0.43,down,False
2026-10-01,META,726.9949951171875,-0.06,down,40,ml,725.9299926757812,-0.15,down,True
2026-10-01,TSLA,357.1400146484375,-0.01,down,40,ml,354.1099853515625,-0.85,down,True
2026-10-01,LLY,1148.3800048828125,-0.01,down,40,ml,1149.8499755859375,0.13,up,False
2026-10-01,AVGO,347.4200134277344,0.01,up,40,ml,343.6400146484375,-1.09,down,False
2026-10-01,JPM,331.9599914550781,-0.01,down,40,ml,333.17999267578125,0.37,up,False
2026-10-01,V,359.9200134277344,-0.01,down,40,ml,359.8500061035156,-0.02,down,True
2026-10-01,UNH,364.3999938964844,-0.0,up,40,ml,365.2000122070313,0.22,up,True
2026-10-01,XOM,163.5749969482422,0.0,up,40,ml,163.82000732421875,0.15,up,True
2026-10-01,MA,550.864990234375,-0.0,up,40,ml,550.0,-0.16,down,False
2026-10-01,JNJ,259.6400146484375,0.06,up,40,ml,258.6600036621094,-0.38,down,False
2026-10-01,PG,144.52000427246094,-0.0,up,40,ml,143.9499969482422,-0.39,down,False
2026-10-01,HD,282.8450012207031,-0.01,down,40,ml,282.4599914550781,-0.14,down,True
2026-10-01,COST,915.4000244140624,-0.0,up,40,ml,914.9400024414062,-0.05,down,False
2026-10-01,MRK,143.72030639648438,0.01,up,40,ml,143.80999755859375,0.06,up,True
2026-10-01,ABBV,260.7699890136719,-0.04,down,40,ml,259.92999267578125,-0.32,down,True
2026-10-01,CVX,206.94000244140625,0.02,up,40,ml,207.1000061035156,0.08,up,True
2026-10-01,PEP,125.78990173339844,0.01,up,40,ml,125.5999984741211,-0.15,down,False
2026-10-01,KO,85.95999908447266,-0.0,up,40,ml,86.0999984741211,0.16,up,True
2026-10-01,ADBE,242.22999572753903,0.01,up,40,ml,241.27999877929688,-0.39,down,False
2026-10-01,WMT,104.72000122070312,-0.01,down,40,ml,104.26000213623048,-0.44,down,True
2026-10-01,BAC,53.595001220703125,0.06,up,40,ml,53.72999954223633,0.25,up,True
2026-10-01,CRM,235.1499938964844,0.11,up,40,ml,236.69000244140625,0.65,up,True
2026-10-01,NFLX,68.25,0.05,up,40,ml,67.8499984741211,-0.59,down,False
2026-10-01,AMD,617.8499755859375,-0.01,down,40,ml,615.72998046875,-0.34,down,True
2026-10-01,TMO,658.6500244140625,0.1,up,40,ml,652.510009765625,-0.93,down,False
2026-10-01,ACN,215.26499938964844,-2.2,down,58,ml,212.3000030517578,-1.38,down,True
2026-10-01,MCD,232.0379943847656,-0.01,down,40,ml,231.8300018310547,-0.09,down,True
2026-10-01,LIN,469.1000061035156,-0.01,down,40,ml,469.4500122070313,0.07,up,False
2026-10-01,CSCO,108.52999877929688,0.0,up,40,ml,108.76000213623048,0.21,up,True
2026-10-01,ABT,97.45500183105467,0.01,up,40,ml,96.69000244140624,-0.78,down,False
2026-10-01,DHR,213.7610015869141,0.1,up,40,ml,211.759994506836,-0.94,down,False
2026-10-01,WFC,79.57499694824219,-0.01,down,40,ml,80.25,0.85,up,False
2026-10-01,TXN,282.8099975585937,0.06,up,40,ml,281.3099975585937,-0.53,down,False
2026-10-01,DIS,101.5749969482422,0.07,up,40,ml,101.33000183105467,-0.24,down,False
2026-10-01,PM,187.65499877929688,-0.01,down,40,ml,188.17999267578125,0.28,up,False
2026-10-01,INTU,282.5249938964844,0.11,up,40,ml,282.7799987792969,0.09,up,True
2026-10-01,AMGN,411.5950012207031,0.1,up,40,ml,407.2699890136719,-1.05,down,False
2026-10-01,VZ,45.92499923706055,-0.0,up,40,ml,45.97999954223633,0.12,up,True
2026-10-01,IBM,227.4199981689453,0.34,up,42,ml,225.6199951171875,-0.79,down,False
2026-10-01,CAT,823.6300048828125,-0.0,up,40,ml,826.3499755859375,0.33,up,True
2026-10-01,GE,312.7300109863281,-0.01,down,40,ml,312.3900146484375,-0.11,down,True
2026-10-01,NOW,138.14999389648438,0.34,up,42,ml,137.75999450683594,-0.28,down,False
2026-10-01,UNP,271.2099914550781,-0.01,down,40,ml,272.4200134277344,0.45,up,False
2026-10-01,NEE,76.26499938964844,0.0,up,40,ml,76.3499984741211,0.11,up,True
2026-10-01,LOW,182.9199981689453,-0.01,down,40,ml,182.3800048828125,-0.3,down,True
2026-10-01,SPGI,388.3800048828125,0.01,up,40,ml,388.1600036621094,-0.06,down,False
2026-10-01,RTX,184.4750061035156,0.01,up,40,ml,185.009994506836,0.29,up,True
2026-10-01,HON,214.33999633789065,0.01,up,40,ml,213.8000030517578,-0.25,down,False
2026-10-01,QCOM,184.22000122070312,0.01,up,40,ml,182.08999633789065,-1.16,down,False
2026-10-01,BA,187.9900054931641,0.02,up,40,ml,192.27999877929688,2.28,up,True
2026-10-01,ISRG,400.7650146484375,0.06,up,40,ml,401.239990234375,0.12,up,True
2026-10-01,ELV,381.9674987792969,-0.05,down,40,ml,381.6700134277344,-0.08,down,True
2026-10-01,PLD,128.6649932861328,0.01,up,40,ml,128.17999267578125,-0.38,down,False
2026-10-01,GS,893.3699951171875,0.07,up,40,ml,896.6699829101562,0.37,up,True
2026-10-01,AMAT,529.114990234375,0.49,up,44,ml,529.2999877929688,0.03,up,True
2026-10-01,DE,662.2000122070312,-0.01,down,40,ml,667.260009765625,0.76,up,False
2026-10-01,BKNG,161.1999969482422,-0.0,up,40,ml,160.27999877929688,-0.57,down,False
2026-10-01,SYK,273.5799865722656,0.02,up,40,ml,272.9599914550781,-0.23,down,False
2026-10-01,BLK,1064.260009765625,-0.01,down,40,ml,1064.3599853515625,0.01,up,False
2026-10-01,T,24.364999771118164,-0.0,up,40,ml,24.299999237060547,-0.27,down,False
2026-10-01,MDT,86.42500305175781,0.1,up,40,ml,86.44000244140625,0.02,up,True
2026-10-01,LMT,503.8900146484375,-0.01,down,40,ml,505.5,0.32,up,False
2026-10-01,ADP,263.8900146484375,0.03,up,40,ml,263.9599914550781,0.03,up,True
2026-10-01,GILD,147.92999267578125,0.01,up,40,ml,147.5,-0.29,down,False
2026-10-01,MDLZ,57.744998931884766,-0.01,down,40,ml,57.7599983215332,0.03,up,False
2026-10-01,C,126.70999908447266,0.07,up,40,ml,127.0,0.23,up,True
2026-10-01,TJX,133.0,-0.0,up,40,ml,133.58999633789062,0.44,up,True
2026-10-01,SBUX,94.4499969482422,-0.0,up,40,ml,94.87999725341795,0.46,up,True
2026-10-01,ADI,404.2900085449219,0.04,up,40,ml,404.6000061035156,0.08,up,True
2026-10-01,VRTX,509.4400024414063,0.07,up,40,ml,506.739990234375,-0.53,down,False
2026-10-01,CI,267.8399963378906,-0.02,down,40,ml,267.9599914550781,0.04,up,False
2026-10-01,REGN,741.8350219726562,0.08,up,40,ml,734.8099975585938,-0.95,down,False
2026-10-01,PGR,209.89010620117188,-0.0,up,40,ml,210.9600067138672,0.51,up,True
2026-10-01,PANW,392.0,0.04,up,40,ml,396.25,1.08,up,True
2026-10-01,ETN,438.8800048828125,0.0,up,40,ml,437.2799987792969,-0.36,down,False
2026-10-01,MO,66.83999633789062,0.01,up,40,ml,66.94999694824219,0.16,up,True
2026-10-01,BSX,43.19499969482422,0.01,up,40,ml,43.22999954223633,0.08,up,True
2026-10-01,ZTS,69.6500015258789,-0.0,up,40,ml,69.0999984741211,-0.79,down,False
2026-10-01,SCHW,98.29000091552734,-0.0,up,40,ml,98.37000274658205,0.08,up,True
2026-10-01,CB,330.8299865722656,-0.01,down,40,ml,331.29998779296875,0.14,up,False
2026-10-01,SO,83.30999755859375,-0.0,up,40,ml,83.47000122070312,0.19,up,True
2026-10-01,BMY,61.685001373291016,0.01,up,40,ml,61.459999084472656,-0.36,down,False
2026-10-01,MU,1082.43994140625,-0.02,down,40,ml,1097.3900146484375,1.38,up,False
2026-10-01,DUK,113.73500061035156,-0.04,down,40,ml,113.73999786376952,0.0,up,False
2026-10-01,SLB,48.48500061035156,0.01,up,40,ml,48.65999984741211,0.36,up,True
2026-10-01,EQIX,1012.0800170898438,-0.01,down,40,ml,1012.3300170898438,0.02,up,False
2026-10-01,AON,275.6000061035156,-0.09,down,40,ml,275.95001220703125,0.13,up,False
2026-10-01,CME,264.8900146484375,-0.01,down,40,ml,265.1000061035156,0.08,up,False
2026-10-01,ITW,261.0150146484375,-0.0,up,40,ml,260.8399963378906,-0.07,down,False
2026-10-01,PYPL,53.345001220703125,-0.0,up,40,ml,53.060001373291016,-0.53,down,False
2026-10-01,APD,272.1600036621094,0.07,up,40,ml,273.3299865722656,0.43,up,True
2026-10-01,KLAC,200.6300048828125,0.23,up,41,ml,200.3300018310547,-0.15,down,False
2026-10-02,AAPL,332.79998779296875,-0.0,up,40,ml,333.69000244140625,0.27,up,True
2026-10-02,MSFT,514.9382934570312,-0.02,down,40,ml,517.530029296875,0.5,up,False
2026-10-02,GOOGL,343.5,-0.0,up,40,ml,343.5,0.0,up,True
2026-10-02,AMZN,250.72999572753903,-0.0,up,40,ml,251.5200042724609,0.32,up,True
2026-10-02,NVDA,234.67990112304688,0.01,up,40,ml,233.9499969482422,-0.31,down,False
2026-10-02,META,728.89501953125,-0.2,down,41,ml,728.0800170898438,-0.11,down,True
2026-10-02,TSLA,371.6199951171875,0.36,up,43,ml,370.5899963378906,-0.28,down,False
2026-10-02,LLY,1139.199951171875,-0.01,down,40,ml,1142.8499755859375,0.32,up,False
2026-10-02,AVGO,354.114990234375,0.33,up,42,ml,355.1400146484375,0.29,up,True
2026-10-02,JPM,331.1400146484375,0.01,up,40,ml,332.3800048828125,0.37,up,True
2026-10-02,V,360.6199951171875,-0.01,down,40,ml,360.6600036621094,0.01,up,False
2026-10-02,UNH,369.8999938964844,-0.01,down,40,ml,371.8999938964844,0.54,up,False
2026-10-02,XOM,164.3000030517578,0.0,up,40,ml,164.00999450683594,-0.18,down,False
2026-10-02,MA,553.6950073242188,-0.0,up,40,ml,552.260009765625,-0.26,down,False
2026-10-02,JNJ,255.509994506836,0.01,up,40,ml,256.0299987792969,0.2,up,True
2026-10-02,PG,144.50999450683594,-0.01,down,40,ml,144.91000366210938,0.28,up,False
2026-10-02,HD,283.6400146484375,-0.01,down,40,ml,282.8500061035156,-0.28,down,True
2026-10-02,COST,916.47998046875,-0.01,down,40,ml,920.6500244140624,0.46,up,False
2026-10-02,MRK,143.49000549316406,-0.0,up,40,ml,144.3000030517578,0.56,up,True
2026-10-02,ABBV,262.0,-0.05,down,40,ml,262.82000732421875,0.31,up,False
2026-10-02,CVX,207.2400054931641,0.02,up,40,ml,206.69000244140625,-0.27,down,False
2026-10-02,PEP,125.5749969482422,-0.0,up,40,ml,125.88999938964844,0.25,up,True
2026-10-02,KO,85.59500122070312,-0.01,down,40,ml,85.6500015258789,0.06,up,False
2026-10-02,ADBE,237.7899932861328,-0.0,up,40,ml,237.69000244140625,-0.04,down,False
2026-10-02,WMT,104.17009735107422,-0.01,down,40,ml,104.26000213623048,0.09,up,False
2026-10-02,BAC,53.65909957885742,0.05,up,40,ml,53.75,0.17,up,True
2026-10-02,CRM,233.9850006103516,0.01,up,40,ml,234.69000244140625,0.3,up,True
2026-10-02,NFLX,67.0250015258789,0.04,up,40,ml,67.05999755859375,0.05,up,True
2026-10-02,AMD,630.9450073242188,-0.13,down,41,ml,633.9099731445312,0.47,up,False
2026-10-02,TMO,653.5700073242188,0.02,up,40,ml,654.7999877929688,0.19,up,True
2026-10-02,ACN,198.6300048828125,0.54,up,44,ml,198.8999938964844,0.14,up,True
2026-10-02,MCD,231.7337951660156,-0.01,down,40,ml,231.88999938964844,0.07,up,False
2026-10-02,LIN,477.6499938964844,-0.01,down,40,ml,479.4800109863281,0.38,up,False
2026-10-02,CSCO,111.8000030517578,0.11,up,40,ml,112.1999969482422,0.36,up,True
2026-10-02,ABT,97.26000213623048,-0.0,up,40,ml,97.5,0.25,up,True
2026-10-02,DHR,215.5249938964844,-0.0,up,40,ml,214.0599975585937,-0.68,down,False
2026-10-02,WFC,80.33999633789062,-0.01,down,40,ml,80.44999694824219,0.14,up,False
2026-10-02,TXN,293.5400085449219,0.74,up,46,ml,293.79998779296875,0.09,up,True
2026-10-02,DIS,102.27999877929688,-0.01,down,40,ml,102.19000244140624,-0.09,down,True
2026-10-02,PM,187.3650054931641,-0.0,up,40,ml,187.4600067138672,0.05,up,True
2026-10-02,INTU,280.67999267578125,-0.0,up,40,ml,281.0799865722656,0.14,up,True
2026-10-02,AMGN,402.5700073242188,0.04,up,40,ml,403.0400085449219,0.12,up,True
2026-10-02,VZ,45.88999938964844,-0.0,up,40,ml,45.91999816894531,0.07,up,True
2026-10-02,IBM,222.259994506836,0.0,up,40,ml,222.63999938964844,0.17,up,True
2026-10-02,CAT,849.4600219726562,0.1,up,40,ml,845.4199829101562,-0.48,down,False
2026-10-02,GE,311.6000061035156,-0.01,down,40,ml,309.0899963378906,-0.81,down,True
2026-10-02,NOW,135.17999267578125,-0.0,up,40,ml,134.3800048828125,-0.59,down,False
2026-10-02,UNP,277.0,-0.01,down,40,ml,278.2799987792969,0.46,up,False
2026-10-02,NEE,77.00749969482422,0.0,up,40,ml,76.83000183105469,-0.23,down,False
2026-10-02,LOW,181.5,-0.01,down,40,ml,180.8000030517578,-0.39,down,True
2026-10-02,SPGI,384.3999938964844,0.16,up,41,ml,386.2699890136719,0.49,up,True
2026-10-02,RTX,184.8600006103516,-0.01,down,40,ml,184.67999267578125,-0.1,down,True
2026-10-02,HON,213.7749938964844,0.02,up,40,ml,213.9900054931641,0.1,up,True
2026-10-02,QCOM,185.4499969482422,0.05,up,40,ml,184.8699951171875,-0.31,down,False
2026-10-02,BA,192.67190551757807,0.01,up,40,ml,193.5599975585937,0.46,up,True
2026-10-02,ISRG,394.8049926757813,0.03,up,40,ml,391.9500122070313,-0.72,down,False
2026-10-02,ELV,387.0400085449219,-0.0,up,40,ml,386.4299926757813,-0.16,down,False
2026-10-02,PLD,129.30499267578125,-0.0,up,40,ml,128.91000366210938,-0.31,down,False
2026-10-02,GS,903.5549926757812,0.06,up,40,ml,902.5599975585938,-0.11,down,False
2026-10-02,AMAT,539.2150268554688,0.45,up,43,ml,540.0399780273438,0.15,up,True
2026-10-02,DE,681.510009765625,-0.02,down,40,ml,687.0,0.81,up,False
2026-10-02,BKNG,159.2100067138672,0.02,up,40,ml,159.02000427246094,-0.12,down,False
2026-10-02,SYK,275.6400146484375,-0.0,up,40,ml,275.42999267578125,-0.08,down,False
2026-10-02,BLK,1069.260009765625,-0.01,down,40,ml,1059.6300048828125,-0.9,down,True
2026-10-02,T,24.27499961853028,-0.0,up,40,ml,24.299999237060547,0.1,up,True
2026-10-02,MDT,86.2750015258789,-0.04,down,40,ml,86.37999725341797,0.12,up,False
2026-10-02,LMT,505.0350036621094,-0.01,down,40,ml,505.4100036621094,0.07,up,False
2026-10-02,ADP,257.67999267578125,0.1,up,40,ml,257.67999267578125,0.0,up,True
2026-10-02,GILD,144.3699951171875,0.1,up,40,ml,144.74000549316406,0.26,up,True
2026-10-02,MDLZ,58.14500045776367,-0.01,down,40,ml,58.18999862670898,0.08,up,False
2026-10-02,C,128.28500366210938,-0.01,down,40,ml,128.5,0.17,up,False
2026-10-02,TJX,132.7259979248047,0.02,up,40,ml,132.67999267578125,-0.03,down,False
2026-10-02,SBUX,94.6449966430664,0.0,up,40,ml,94.70999908447266,0.07,up,True
2026-10-02,ADI,415.5750122070313,0.2,up,41,ml,417.1499938964844,0.38,up,True
2026-10-02,VRTX,504.8999938964844,-0.01,down,40,ml,504.7300109863281,-0.03,down,True
2026-10-02,CI,269.19500732421875,0.0,up,40,ml,270.5299987792969,0.5,up,True
2026-10-02,REGN,736.6099853515625,0.01,up,40,ml,735.2000122070312,-0.19,down,False
2026-10-02,PGR,209.1000061035156,0.0,up,40,ml,210.3099975585937,0.58,up,True
2026-10-02,PANW,401.8999938964844,0.07,up,40,ml,403.239990234375,0.33,up,True
2026-10-02,ETN,437.5899963378906,0.0,up,40,ml,436.1099853515625,-0.34,down,False
2026-10-02,MO,67.29499816894531,-0.0,up,40,ml,67.3499984741211,0.08,up,True
2026-10-02,BSX,43.05500030517578,-0.0,up,40,ml,42.59999847412109,-1.06,down,False
2026-10-02,ZTS,69.7699966430664,-0.01,down,40,ml,69.69000244140625,-0.11,down,True
2026-10-02,SCHW,97.06999969482422,0.01,up,40,ml,96.6999969482422,-0.38,down,False
2026-10-02,CB,330.5150146484375,-0.0,up,40,ml,330.8900146484375,0.11,up,True
2026-10-02,SO,83.72000122070312,0.0,up,40,ml,83.72000122070312,0.0,up,True
2026-10-02,BMY,60.73500061035156,0.0,up,40,ml,61.150001525878906,0.68,up,True
2026-10-02,MU,1076.9500732421875,0.36,up,43,ml,1074.8900146484375,-0.19,down,False
2026-10-02,DUK,114.03500366210938,-0.04,down,40,ml,114.12999725341795,0.08,up,False
2026-10-02,SLB,49.095001220703125,-0.0,up,40,ml,48.7400016784668,-0.72,down,False
2026-10-02,EQIX,1027.27001953125,-0.01,down,40,ml,1025.719970703125,-0.15,down,True
2026-10-02,AON,270.7799987792969,-0.1,down,40,ml,269.45001220703125,-0.49,down,True
2026-10-02,CME,264.760009765625,-0.0,up,40,ml,263.1400146484375,-0.61,down,False
2026-10-02,ITW,262.2850036621094,-0.01,down,40,ml,262.9200134277344,0.24,up,False
2026-10-02,PYPL,52.900001525878906,-0.0,up,40,ml,52.79999923706055,-0.19,down,False
2026-10-02,APD,277.32501220703125,-0.01,down,40,ml,277.57000732421875,0.09,up,False
2026-10-02,KLAC,206.88999938964844,0.79,up,46,ml,206.88999938964844,0.0,up,True
2026-10-05,AAPL,332.8900146484375,-0.0,up,40,ml,332.8900146484375,0.0,up,True
2026-10-05,MSFT,525.1799926757812,0.0,up,40,ml,525.1799926757812,0.0,up,True
2026-10-05,GOOGL,346.4700012207031,-0.0,up,40,ml,346.4700012207031,0.0,up,True
2026-10-05,AMZN,251.3999938964844,-0.0,up,40,ml,251.3999938964844,-0.0,up,True
2026-10-05,NVDA,238.8999938964844,0.01,up,40,ml,238.8999938964844,-0.0,up,True
2026-10-05,META,741.9000244140625,0.04,up,40,ml,741.9000244140625,0.0,up,True
2026-10-05,TSLA,378.7300109863281,0.01,up,40,ml,378.7300109863281,0.0,up,True
2026-10-05,LLY,1143.1199951171875,-0.0,up,40,ml,1143.1199951171875,0.0,up,True
2026-10-05,AVGO,362.510009765625,-0.01,down,40,ml,362.510009765625,0.0,up,False
2026-10-05,JPM,332.3800048828125,0.01,up,40,ml,332.3800048828125,0.0,up,True
2026-10-05,V,369.7099914550781,0.01,up,40,ml,369.7099914550781,0.0,up,True
2026-10-05,UNH,378.5799865722656,0.01,up,40,ml,378.5799865722656,0.0,up,True
2026-10-05,XOM,164.0,-0.01,down,40,ml,164.0,0.0,up,False
2026-10-05,MA,564.5900268554688,0.02,up,40,ml,564.5900268554688,0.0,up,True
2026-10-05,JNJ,252.92999267578125,0.03,up,40,ml,252.92999267578125,0.0,up,True
2026-10-05,PG,145.94000244140625,-0.0,up,40,ml,145.94000244140625,0.0,up,True
2026-10-05,HD,281.1499938964844,0.01,up,40,ml,281.1499938964844,0.0,up,True
2026-10-05,COST,923.52001953125,-0.0,up,40,ml,923.52001953125,0.0,up,True
2026-10-05,MRK,139.5399932861328,0.08,up,40,ml,139.5399932861328,0.0,up,True
2026-10-05,ABBV,265.760009765625,-0.04,down,40,ml,265.760009765625,0.0,up,False
2026-10-05,CVX,206.47000122070312,0.03,up,40,ml,206.47000122070312,0.0,up,True
2026-10-05,PEP,125.6500015258789,-0.0,up,40,ml,125.6500015258789,0.0,up,True
2026-10-05,KO,86.51000213623047,-0.0,up,40,ml,86.51000213623047,0.0,up,True
2026-10-05,ADBE,238.7850036621093,0.07,up,40,ml,238.7899932861328,0.0,up,True
2026-10-05,WMT,105.06999969482422,0.0,up,40,ml,105.06999969482422,0.0,up,True
2026-10-05,BAC,54.0,0.01,up,40,ml,54.0,0.0,up,True
2026-10-05,CRM,229.7899932861328,0.08,up,40,ml,229.7899932861328,0.0,up,True
2026-10-05,NFLX,67.5,0.01,up,40,ml,67.5,0.0,up,True
2026-10-05,AMD,631.75,0.01,up,40,ml,631.75,0.0,up,True
2026-10-05,TMO,676.760009765625,0.29,up,42,ml,676.760009765625,0.0,up,True
2026-10-05,ACN,195.0500030517578,0.43,up,43,ml,195.0500030517578,0.0,up,True
2026-10-05,MCD,233.0399932861328,0.01,up,40,ml,233.0399932861328,0.0,up,True
2026-10-05,LIN,482.3800048828125,0.0,up,40,ml,482.3800048828125,0.0,up,True
2026-10-05,CSCO,112.81999969482422,0.02,up,40,ml,112.81999969482422,0.0,up,True
2026-10-05,ABT,100.0999984741211,0.07,up,40,ml,100.0999984741211,0.0,up,True
2026-10-05,DHR,221.2100067138672,0.13,up,41,ml,221.2100067138672,0.0,up,True
2026-10-05,WFC,81.44000244140625,-0.0,up,40,ml,81.44000244140625,0.0,up,True
2026-10-05,TXN,294.8999938964844,0.05,up,40,ml,294.8999938964844,0.0,up,True
2026-10-05,DIS,103.61000061035156,-0.0,up,40,ml,103.61000061035156,0.0,up,True
2026-10-05,PM,189.52999877929688,0.01,up,40,ml,189.52999877929688,0.0,up,True
2026-10-05,INTU,284.67999267578125,-0.04,down,40,ml,284.67999267578125,0.0,up,False
2026-10-05,AMGN,402.9800109863281,-0.01,down,40,ml,402.9800109863281,0.0,up,False
2026-10-05,VZ,45.84999847412109,-0.0,up,40,ml,45.84999847412109,0.0,up,True
2026-10-05,IBM,221.5800018310547,-0.0,up,40,ml,221.5800018310547,0.0,up,True
2026-10-05,CAT,848.1400146484375,-0.0,up,40,ml,848.1400146484375,0.0,up,True
2026-10-05,GE,306.3399963378906,-0.1,down,40,ml,306.3399963378906,0.0,up,False
2026-10-05,NOW,136.0800018310547,0.02,up,40,ml,136.0800018310547,0.0,up,True
2026-10-05,UNP,277.0599975585937,-0.0,up,40,ml,277.0599975585937,0.0,up,True
2026-10-05,NEE,76.27999877929688,0.02,up,40,ml,76.27999877929688,0.0,up,True
2026-10-05,LOW,179.5,0.02,up,40,ml,179.5,0.0,up,True
2026-10-05,SPGI,390.9200134277344,0.1,up,40,ml,390.9200134277344,0.0,up,True
2026-10-05,RTX,184.3300018310547,0.01,up,40,ml,184.3300018310547,0.0,up,True
2026-10-05,HON,214.13999938964844,0.05,up,40,ml,214.13999938964844,0.0,up,True
2026-10-05,QCOM,180.7899932861328,0.18,up,41,ml,180.7899932861328,0.0,up,True
2026-10-05,BA,192.72000122070312,0.05,up,40,ml,192.72000122070312,0.0,up,True
2026-10-05,ISRG,406.4800109863281,0.35,up,42,ml,406.4800109863281,0.0,up,True
2026-10-05,ELV,394.510009765625,0.01,up,40,ml,394.510009765625,0.0,up,True
2026-10-05,PLD,128.0800018310547,0.03,up,40,ml,128.0800018310547,0.0,up,True
2026-10-05,GS,893.4600219726562,-0.06,down,40,ml,893.4600219726562,0.0,up,False
2026-10-05,AMAT,542.280029296875,0.24,up,42,ml,542.280029296875,0.0,up,True
2026-10-05,DE,682.2000122070312,0.0,up,40,ml,682.2000122070312,0.0,up,True
2026-10-05,BKNG,158.3300018310547,-0.11,down,40,ml,158.3300018310547,0.0,up,False
2026-10-05,SYK,285.2200012207031,0.38,up,43,ml,285.2200012207031,0.0,up,True
2026-10-05,BLK,1066.449951171875,-0.0,up,40,ml,1066.449951171875,0.0,up,True
2026-10-05,T,24.239999771118164,0.01,up,40,ml,24.239999771118164,0.0,up,True
2026-10-05,MDT,87.97000122070312,-0.04,down,40,ml,87.97000122070312,0.0,up,False
2026-10-05,LMT,506.6300048828125,-0.01,down,40,ml,506.6300048828125,0.0,up,False
2026-10-05,ADP,260.260009765625,-0.0,up,40,ml,260.260009765625,0.0,up,True
2026-10-05,GILD,144.6300048828125,-0.0,up,40,ml,144.6300048828125,0.0,up,True
2026-10-05,MDLZ,58.4900016784668,-0.0,up,40,ml,58.4900016784668,0.0,up,True
2026-10-05,C,128.5500030517578,-0.0,up,40,ml,128.5500030517578,0.0,up,True
2026-10-05,TJX,134.41000366210938,-0.0,up,40,ml,134.41000366210938,0.0,up,True
2026-10-05,SBUX,94.43000030517578,-0.04,down,40,ml,94.43000030517578,0.0,up,False
2026-10-05,ADI,419.1000061035156,0.09,up,40,ml,419.1000061035156,0.0,up,True
2026-10-05,VRTX,503.5,-0.0,up,40,ml,503.5,0.0,up,True
2026-10-05,CI,271.2900085449219,0.02,up,40,ml,271.2900085449219,0.0,up,True
2026-10-05,REGN,726.469970703125,-0.05,down,40,ml,726.469970703125,0.0,up,False
2026-10-05,PGR,212.6199951171875,-0.0,up,40,ml,212.6199951171875,0.0,up,True
2026-10-05,PANW,406.760009765625,0.05,up,40,ml,406.760009765625,0.0,up,True
2026-10-05,ETN,432.6000061035156,0.02,up,40,ml,432.6000061035156,0.0,up,True
2026-10-05,MO,67.87999725341797,-0.0,up,40,ml,67.87999725341797,0.0,up,True
2026-10-05,BSX,42.400001525878906,0.01,up,40,ml,42.400001525878906,0.0,up,True
2026-10-05,ZTS,71.41000366210938,0.01,up,40,ml,71.41000366210938,0.0,up,True
2026-10-05,SCHW,97.95999908447266,-0.01,down,40,ml,97.95999908447266,0.0,up,False
2026-10-05,CB,330.489990234375,-0.0,up,40,ml,330.489990234375,0.0,up,True
2026-10-05,SO,83.79000091552734,0.0,up,40,ml,83.79000091552734,0.0,up,True
2026-10-05,BMY,58.810001373291016,0.06,up,40,ml,58.810001373291016,0.0,up,True
2026-10-05,MU,1063.9599609375,0.04,up,40,ml,1063.9599609375,0.0,up,True
2026-10-05,DUK,113.83999633789062,-0.02,down,40,ml,113.83999633789062,0.0,up,False
2026-10-05,SLB,50.27999877929688,0.08,up,40,ml,50.27999877929688,-0.0,up,True
2026-10-05,EQIX,1023.4400024414062,-0.0,up,40,ml,1023.4400024414062,0.0,up,True
2026-10-05,AON,272.04998779296875,-0.11,down,40,ml,272.04998779296875,0.0,up,False
2026-10-05,CME,270.0299987792969,-0.12,down,41,ml,270.0299987792969,0.0,up,False
2026-10-05,ITW,264.19000244140625,0.02,up,40,ml,264.19000244140625,0.0,up,True
2026-10-05,PYPL,54.40999984741211,0.3,up,42,ml,54.40999984741211,0.0,up,True
2026-10-05,APD,279.45001220703125,-0.0,up,40,ml,279.45001220703125,0.0,up,True
2026-10-05,KLAC,206.8500061035156,0.31,up,42,ml,206.8500061035156,0.0,up,True
2026-10-06,AAPL,333.3099975585937,0.01,up,40,ml,333.6300048828125,0.1,up,True
2026-10-06,MSFT,530.6599731445312,-0.0,up,40,ml,529.2999877929688,-0.26,down,False
2026-10-06,GOOGL,348.32440185546875,-0.0,up,40,ml,347.67999267578125,-0.19,down,False
2026-10-06,AMZN,256.0299987792969,-0.0,up,40,ml,256.2900085449219,0.1,up,True
2026-10-06,NVDA,240.07000732421875,0.05,up,40,ml,239.2400054931641,-0.35,down,False
2026-10-06,META,742.6699829101562,0.06,up,40,ml,738.8800048828125,-0.51,down,False
2026-10-06,TSLA,379.3900146484375,0.01,up,40,ml,380.6799926757813,0.34,up,True
2026-10-06,LLY,1158.4000244140625,-0.0,up,40,ml,1157.489990234375,-0.08,down,False
2026-10-06,AVGO,378.0750122070313,0.2,up,41,ml,375.80999755859375,-0.6,down,False
2026-10-06,JPM,331.59991455078125,0.01,up,40,ml,331.2799987792969,-0.1,down,False
2026-10-06,V,369.6700134277344,0.01,up,40,ml,370.6400146484375,0.26,up,True
2026-10-06,UNH,377.3949890136719,0.01,up,40,ml,376.3200073242188,-0.28,down,False
2026-10-06,XOM,165.30499267578125,-0.01,down,40,ml,164.47999572753906,-0.5,down,True
2026-10-06,MA,565.4403076171875,-0.0,up,40,ml,566.5800170898438,0.2,up,True
2026-10-06,JNJ,255.2100067138672,0.0,up,40,ml,254.77999877929688,-0.17,down,False
2026-10-06,PG,148.6699981689453,0.01,up,40,ml,148.41000366210938,-0.17,down,False
2026-10-06,HD,284.8800048828125,0.01,up,40,ml,286.69000244140625,0.64,up,True
2026-10-06,COST,933.8200073242188,0.03,up,40,ml,935.6799926757812,0.2,up,True
2026-10-06,MRK,141.51499938964844,0.01,up,40,ml,141.94000244140625,0.3,up,True
2026-10-06,ABBV,267.19500732421875,-0.0,up,40,ml,266.69000244140625,-0.19,down,False
2026-10-06,CVX,208.3300018310547,0.03,up,40,ml,207.5800018310547,-0.36,down,False
2026-10-06,PEP,125.61000061035156,-0.01,down,40,ml,125.70999908447266,0.08,up,False
2026-10-06,KO,86.78500366210938,-0.02,down,40,ml,86.16999816894531,-0.71,down,True
2026-10-06,ADBE,237.5500030517578,0.09,up,40,ml,238.1199951171875,0.24,up,True
2026-10-06,WMT,107.1050033569336,-0.0,up,40,ml,107.1999969482422,0.09,up,True
2026-10-06,BAC,54.10499954223633,0.01,up,40,ml,54.09000015258789,-0.03,down,False
2026-10-06,CRM,223.71499633789065,0.12,up,41,ml,224.9900054931641,0.57,up,True
2026-10-06,NFLX,68.18499755859375,0.01,up,40,ml,68.69000244140625,0.74,up,True
2026-10-06,AMD,653.9099731445312,0.45,up,43,ml,649.4199829101562,-0.69,down,False
2026-10-06,TMO,662.2949829101562,0.05,up,40,ml,656.5800170898438,-0.86,down,False
2026-10-06,ACN,193.3600006103516,0.35,up,42,ml,193.3999938964844,0.02,up,True
2026-10-06,MCD,232.0800018310547,0.01,up,40,ml,232.4499969482422,0.16,up,True
2026-10-06,LIN,491.0450134277344,0.0,up,40,ml,489.9500122070313,-0.22,down,False
2026-10-06,CSCO,117.13999938964844,0.55,up,44,ml,117.94000244140624,0.68,up,True
2026-10-06,ABT,98.51000213623048,0.0,up,40,ml,98.16000366210938,-0.36,down,False
2026-10-06,DHR,217.27999877929688,-0.01,down,40,ml,215.6100006103516,-0.77,down,True
2026-10-06,WFC,81.44000244140625,-0.0,up,40,ml,81.51000213623047,0.09,up,True
2026-10-06,TXN,298.2349853515625,0.13,up,41,ml,297.2300109863281,-0.34,down,False
2026-10-06,DIS,103.87999725341795,-0.0,up,40,ml,104.02999877929688,0.14,up,True
2026-10-06,PM,190.02999877929688,0.01,up,40,ml,190.3999938964844,0.19,up,True
2026-10-06,INTU,288.6499938964844,0.04,up,40,ml,289.8099975585937,0.4,up,True
2026-10-06,AMGN,402.2999877929688,0.01,up,40,ml,402.6000061035156,0.07,up,True
2026-10-06,VZ,45.665000915527344,-0.01,down,40,ml,45.97999954223633,0.69,up,False
2026-10-06,IBM,222.07000732421875,-0.0,up,40,ml,221.2899932861328,-0.35,down,False
2026-10-06,CAT,866.260009765625,-0.0,up,40,ml,863.4400024414062,-0.33,down,False
2026-10-06,GE,307.7699890136719,-0.27,down,42,ml,309.3900146484375,0.53,up,False
2026-10-06,NOW,136.3000030517578,0.02,up,40,ml,137.97000122070312,1.23,up,True
2026-10-06,UNP,276.322509765625,-0.01,down,40,ml,276.6099853515625,0.1,up,False
2026-10-06,NEE,77.34010314941406,0.01,up,40,ml,77.87999725341797,0.7,up,True
2026-10-06,LOW,182.13999938964844,0.01,up,40,ml,183.6699981689453,0.84,up,True
2026-10-06,SPGI,395.2300109863281,0.0,up,40,ml,396.1300048828125,0.23,up,True
2026-10-06,RTX,182.77099609375,-0.0,up,40,ml,183.2899932861328,0.28,up,True
2026-10-06,HON,212.13999938964844,0.0,up,40,ml,212.8699951171875,0.34,up,True
2026-10-06,QCOM,182.5050048828125,0.12,up,41,ml,181.02999877929688,-0.81,down,False
2026-10-06,BA,190.44500732421875,0.02,up,40,ml,189.82000732421875,-0.33,down,False
2026-10-06,ISRG,405.4100036621094,0.05,up,40,ml,404.760009765625,-0.16,down,False
2026-10-06,ELV,400.5,0.01,up,40,ml,400.0899963378906,-0.1,down,False
2026-10-06,PLD,128.77999877929688,0.0,up,40,ml,128.67999267578125,-0.08,down,False
2026-10-06,GS,898.719970703125,0.16,up,41,ml,897.1799926757812,-0.17,down,False
2026-10-06,AMAT,530.5349731445312,0.15,up,41,ml,530.27001953125,-0.05,down,False
2026-10-06,DE,681.39501953125,-0.0,up,40,ml,682.7899780273438,0.2,up,True
2026-10-06,BKNG,156.22999572753906,-0.08,down,40,ml,157.6300048828125,0.9,up,False
2026-10-06,SYK,279.3800048828125,0.09,up,40,ml,278.20001220703125,-0.42,down,False
2026-10-06,BLK,1083.385009765625,-0.0,up,40,ml,1079.4200439453125,-0.37,down,False
2026-10-06,T,24.32010078430176,0.01,up,40,ml,24.43000030517578,0.45,up,True
2026-10-06,MDT,86.55000305175781,-0.04,down,40,ml,87.08999633789062,0.62,up,False
2026-10-06,LMT,507.6199951171875,-0.01,down,40,ml,510.1199951171875,0.49,up,False
2026-10-06,ADP,262.3450012207031,0.01,up,40,ml,262.3599853515625,0.01,up,True
2026-10-06,GILD,143.9499969482422,0.01,up,40,ml,144.22999572753906,0.19,up,True
2026-10-06,MDLZ,59.310001373291016,-0.0,up,40,ml,59.619998931884766,0.52,up,True
2026-10-06,C,128.17559814453125,0.01,up,40,ml,128.52000427246094,0.27,up,True
2026-10-06,TJX,135.74000549316406,0.01,up,40,ml,137.02999877929688,0.95,up,True
2026-10-06,SBUX,95.94000244140624,0.01,up,40,ml,96.11000061035156,0.18,up,True
2026-10-06,ADI,420.5700073242188,0.1,up,40,ml,420.5499877929688,-0.0,up,True
2026-10-06,VRTX,502.5899963378906,-0.0,up,40,ml,502.30999755859375,-0.06,down,False
2026-10-06,CI,273.7650146484375,0.0,up,40,ml,274.3699951171875,0.22,up,True
2026-10-06,REGN,735.2000122070312,-0.06,down,40,ml,738.719970703125,0.48,up,False
2026-10-06,PGR,212.22000122070312,0.01,up,40,ml,212.0500030517578,-0.08,down,False
2026-10-06,PANW,419.3500061035156,0.36,up,43,ml,419.9100036621094,0.13,up,True
2026-10-06,ETN,443.760009765625,0.03,up,40,ml,445.0899963378906,0.3,up,True
2026-10-06,MO,68.36499786376953,0.0,up,40,ml,68.55000305175781,0.27,up,True
2026-10-06,BSX,42.084999084472656,-0.02,down,40,ml,42.18999862670898,0.25,up,False
2026-10-06,ZTS,70.83499908447266,0.0,up,40,ml,71.33000183105469,0.7,up,True
2026-10-06,SCHW,97.08999633789062,0.02,up,40,ml,96.8000030517578,-0.3,down,False
2026-10-06,CB,335.2200012207031,-0.0,up,40,ml,334.2099914550781,-0.3,down,False
2026-10-06,SO,84.71499633789062,-0.0,up,40,ml,85.44000244140625,0.86,up,True
2026-10-06,BMY,59.3650016784668,-0.01,down,40,ml,59.59000015258789,0.38,up,False
2026-10-06,MU,1060.06005859375,0.04,up,40,ml,1045.56005859375,-1.37,down,False
2026-10-06,DUK,114.6449966430664,-0.01,down,40,ml,115.66000366210938,0.89,up,False
2026-10-06,SLB,49.97499847412109,0.01,up,40,ml,50.0,0.05,up,True
2026-10-06,EQIX,1048.1500244140625,0.03,up,40,ml,1047.3599853515625,-0.08,down,False
2026-10-06,AON,272.82501220703125,-0.08,down,40,ml,273.989990234375,0.43,up,False
2026-10-06,CME,270.2799987792969,-0.0,up,40,ml,270.17999267578125,-0.04,down,False
2026-10-06,ITW,268.6300048828125,0.0,up,40,ml,267.1400146484375,-0.55,down,False
2026-10-06,PYPL,54.59000015258789,0.02,up,40,ml,54.61000061035156,0.04,up,True
2026-10-06,APD,280.8999938964844,0.01,up,40,ml,281.0,0.04,up,True
2026-10-06,KLAC,197.94500732421875,0.09,up,40,ml,197.4600067138672,-0.25,down,False
2026-10-07,AAPL,337.17999267578125,0.01,up,40,ml,336.6700134277344,-0.15,down,False
2026-10-07,MSFT,530.530029296875,-0.0,up,40,ml,529.760009765625,-0.15,down,False
2026-10-07,GOOGL,348.8500061035156,0.01,up,40,ml,350.5,0.47,up,True
2026-10-07,AMZN,259.5799865722656,-0.0,up,40,ml,259.9200134277344,0.13,up,True
2026-10-07,NVDA,236.79010009765625,0.04,up,40,ml,237.47000122070312,0.29,up,True
2026-10-07,META,723.02001953125,0.13,up,41,ml,721.3099975585938,-0.24,down,False
2026-10-07,TSLA,377.010009765625,-0.0,up,40,ml,377.80999755859375,0.21,up,True
2026-10-07,LLY,1190.010009765625,0.08,up,40,ml,1188.719970703125,-0.11,down,False
2026-10-07,AVGO,373.1050109863281,0.01,up,40,ml,376.510009765625,0.91,up,True
2026-10-07,JPM,328.9200134277344,0.04,up,40,ml,329.5799865722656,0.2,up,True
2026-10-07,V,373.8349914550781,0.06,up,40,ml,372.1000061035156,-0.46,down,False
2026-10-07,UNH,377.2049865722656,-0.0,up,40,ml,375.9800109863281,-0.32,down,False
2026-10-07,XOM,164.6699981689453,-0.03,down,40,ml,164.0500030517578,-0.38,down,True
2026-10-07,MA,573.0499877929688,0.02,up,40,ml,570.0599975585938,-0.52,down,False
2026-10-07,JNJ,259.2799987792969,0.0,up,40,ml,258.45001220703125,-0.32,down,False
2026-10-07,PG,148.6300048828125,-0.0,up,40,ml,147.82000732421875,-0.54,down,False
2026-10-07,HD,284.9200134277344,0.02,up,40,ml,285.7699890136719,0.3,up,True
2026-10-07,COST,943.5800170898438,0.02,up,40,ml,942.25,-0.14,down,False
2026-10-07,MRK,143.00999450683594,0.01,up,40,ml,142.7899932861328,-0.15,down,False
2026-10-07,ABBV,271.7099914550781,0.0,up,40,ml,271.3599853515625,-0.13,down,False
2026-10-07,CVX,206.1000061035156,0.02,up,40,ml,205.1499938964844,-0.46,down,False
2026-10-07,PEP,124.1999969482422,-0.01,down,40,ml,123.7300033569336,-0.38,down,True
2026-10-07,KO,86.05999755859375,-0.02,down,40,ml,85.81999969482422,-0.28,down,True
2026-10-07,ADBE,232.8000030517578,0.14,up,41,ml,232.7700042724609,-0.01,down,False
2026-10-07,WMT,108.2699966430664,0.02,up,40,ml,108.16000366210938,-0.1,down,False
2026-10-07,BAC,53.29930114746094,0.02,up,40,ml,53.52000045776367,0.41,up,True
2026-10-07,CRM,225.5800018310547,0.05,up,40,ml,224.5599975585937,-0.45,down,False
2026-10-07,NFLX,69.61499786376953,0.01,up,40,ml,69.69999694824219,0.12,up,True
2026-10-07,AMD,640.3200073242188,0.02,up,40,ml,645.8599853515625,0.87,up,True
2026-10-07,TMO,661.52001953125,0.0,up,40,ml,662.0599975585938,0.08,up,True
2026-10-07,ACN,197.83999633789065,0.24,up,42,ml,196.63999938964844,-0.61,down,False
2026-10-07,MCD,231.58999633789065,0.0,up,40,ml,230.8800048828125,-0.31,down,False
2026-10-07,LIN,485.239990234375,0.01,up,40,ml,483.9800109863281,-0.26,down,False
2026-10-07,CSCO,117.8550033569336,0.24,up,42,ml,117.38999938964844,-0.39,down,False
2026-10-07,ABT,99.02999877929688,-0.0,up,40,ml,98.7300033569336,-0.3,down,False
2026-10-07,DHR,217.6199951171875,0.0,up,40,ml,218.4900054931641,0.4,up,True
2026-10-07,WFC,80.0199966430664,0.0,up,40,ml,80.26000213623047,0.3,up,True
2026-10-07,TXN,286.9200134277344,0.15,up,41,ml,288.9800109863281,0.72,up,True
2026-10-07,DIS,105.16000366210938,0.01,up,40,ml,104.75,-0.39,down,False
2026-10-07,PM,192.4799041748047,0.01,up,40,ml,192.69000244140625,0.11,up,True
2026-10-07,INTU,298.4224853515625,0.33,up,42,ml,295.8599853515625,-0.86,down,False
2026-10-07,AMGN,412.4150085449219,0.01,up,40,ml,413.0799865722656,0.16,up,True
2026-10-07,VZ,46.08000183105469,-0.01,down,40,ml,45.77000045776367,-0.67,down,True
2026-10-07,IBM,221.63999938964844,-0.0,up,40,ml,220.509994506836,-0.51,down,False
2026-10-07,CAT,809.8800048828125,-0.86,down,47,ml,813.8300170898438,0.49,up,False
2026-10-07,GE,303.8900146484375,0.04,up,40,ml,303.6199951171875,-0.09,down,False
2026-10-07,NOW,138.4199981689453,0.02,up,40,ml,137.8699951171875,-0.4,down,False
2026-10-07,UNP,276.32000732421875,0.0,up,40,ml,274.67999267578125,-0.59,down,False
2026-10-07,NEE,76.875,0.01,up,40,ml,77.05999755859375,0.24,up,True
2026-10-07,LOW,181.34500122070312,0.04,up,40,ml,181.5399932861328,0.11,up,True
2026-10-07,SPGI,395.0750122070313,-0.0,up,40,ml,395.1799926757813,0.03,up,True
2026-10-07,RTX,181.4499969482422,0.01,up,40,ml,180.259994506836,-0.66,down,False
2026-10-07,HON,208.8572998046875,0.0,up,40,ml,208.1100006103516,-0.36,down,False
2026-10-07,QCOM,176.66000366210938,0.18,up,41,ml,177.1199951171875,0.26,up,True
2026-10-07,BA,188.44500732421875,0.01,up,40,ml,188.32000732421875,-0.07,down,False
2026-10-07,ISRG,414.0549926757813,0.06,up,40,ml,414.5199890136719,0.11,up,True
2026-10-07,ELV,406.1484069824219,0.04,up,40,ml,404.30999755859375,-0.45,down,False
2026-10-07,PLD,127.59500122070312,-0.0,up,40,ml,127.3000030517578,-0.23,down,False
2026-10-07,GS,884.2050170898438,-0.06,down,40,ml,887.2100219726562,0.34,up,False
2026-10-07,AMAT,519.1799926757812,0.12,up,41,ml,520.6500244140625,0.28,up,True
2026-10-07,DE,658.9450073242188,0.08,up,40,ml,656.8699951171875,-0.31,down,False
2026-10-07,BKNG,156.55999755859375,0.01,up,40,ml,155.8699951171875,-0.44,down,False
2026-10-07,SYK,277.5,0.03,up,40,ml,275.3999938964844,-0.76,down,False
2026-10-07,BLK,1068.050048828125,0.0,up,40,ml,1069.6300048828125,0.15,up,True
2026-10-07,T,24.625,0.01,up,40,ml,24.46999931335449,-0.63,down,False
2026-10-07,MDT,85.87000274658203,-0.04,down,40,ml,85.51000213623047,-0.42,down,True
2026-10-07,LMT,502.9100036621094,-0.0,up,40,ml,499.2200012207031,-0.73,down,False
2026-10-07,ADP,265.29998779296875,0.02,up,40,ml,264.0,-0.49,down,False
2026-10-07,GILD,146.97000122070312,0.01,up,40,ml,146.85000610351562,-0.08,down,False
2026-10-07,MDLZ,59.665000915527344,0.02,up,40,ml,59.380001068115234,-0.48,down,False
2026-10-07,C,126.56009674072266,0.02,up,40,ml,127.31999969482422,0.6,up,True
2026-10-07,TJX,138.95989990234375,0.03,up,40,ml,138.8000030517578,-0.12,down,False
2026-10-07,SBUX,93.56500244140624,0.07,up,40,ml,93.58000183105467,0.02,up,True
2026-10-07,ADI,406.0549926757813,0.12,up,41,ml,410.0799865722656,0.99,up,True
2026-10-07,VRTX,506.1950073242188,0.01,up,40,ml,505.6400146484375,-0.11,down,False
2026-10-07,CI,280.8699951171875,0.01,up,40,ml,278.510009765625,-0.84,down,False
2026-10-07,REGN,743.25,-0.06,down,40,ml,742.1199951171875,-0.15,down,True
2026-10-07,PGR,215.1849975585937,0.02,up,40,ml,214.1199951171875,-0.49,down,False
2026-10-07,PANW,405.7099914550781,0.12,up,41,ml,405.5700073242188,-0.03,down,False
2026-10-07,ETN,429.6400146484375,0.08,up,40,ml,431.3299865722656,0.39,up,True
2026-10-07,MO,69.59500122070312,0.02,up,40,ml,69.37999725341797,-0.31,down,False
2026-10-07,BSX,41.98500061035156,-0.01,down,40,ml,41.58000183105469,-0.96,down,True
2026-10-07,ZTS,71.97000122070312,0.02,up,40,ml,71.55000305175781,-0.58,down,False
2026-10-07,SCHW,95.43000030517578,0.04,up,40,ml,95.58000183105467,0.16,up,True
2026-10-07,CB,336.9849853515625,-0.0,up,40,ml,334.70001220703125,-0.68,down,False
2026-10-07,SO,85.81999969482422,-0.0,up,40,ml,85.44000244140625,-0.44,down,False
2026-10-07,BMY,59.75,-0.01,down,40,ml,59.70000076293945,-0.08,down,True
2026-10-07,MU,1082.9405517578125,0.24,up,42,ml,1088.0,0.47,up,True
2026-10-07,DUK,115.83499908447266,-0.03,down,40,ml,115.5,-0.29,down,True
2026-10-07,SLB,48.17499923706055,0.05,up,40,ml,47.959999084472656,-0.45,down,False
2026-10-07,EQIX,1039.324951171875,0.04,up,40,ml,1031.77001953125,-0.73,down,False
2026-10-07,AON,271.95001220703125,-0.05,down,40,ml,270.4700012207031,-0.54,down,True
2026-10-07,CME,270.1099853515625,-0.0,up,40,ml,270.2699890136719,0.06,up,True
2026-10-07,ITW,261.7699890136719,0.05,up,40,ml,261.1499938964844,-0.24,down,False
2026-10-07,PYPL,55.27999877929688,0.03,up,40,ml,54.95000076293945,-0.6,down,False
2026-10-07,APD,279.6199951171875,0.01,up,40,ml,278.1199951171875,-0.54,down,False
2026-10-07,KLAC,195.6199951171875,0.05,up,40,ml,196.8300018310547,0.62,up,True
2026-10-08,AAPL,341.01251220703125,0.02,up,40,ml,340.4200134277344,-0.17,down,False
2026-10-08,MSFT,521.1849975585938,0.0,up,40,ml,522.6099853515625,0.27,up,True
2026-10-08,GOOGL,347.96990966796875,0.02,up,40,ml,348.2900085449219,0.09,up,True
2026-10-08,AMZN,254.6199951171875,0.06,up,40,ml,254.05999755859375,-0.22,down,False
2026-10-08,NVDA,230.3350067138672,0.1,up,40,ml,230.47999572753906,0.06,up,True
2026-10-08,META,719.219970703125,0.01,up,40,ml,720.8900146484375,0.23,up,True
2026-10-08,TSLA,371.7650146484375,-0.0,up,40,ml,375.0,0.87,up,True
2026-10-08,LLY,1160.0,0.06,up,40,ml,1169.5999755859375,0.83,up,True
2026-10-08,AVGO,358.1000061035156,-0.04,down,40,ml,360.1400146484375,0.57,up,False
2026-10-08,JPM,331.3841857910156,0.04,up,40,ml,331.4200134277344,0.01,up,True
2026-10-08,V,376.2080078125,0.06,up,40,ml,375.1000061035156,-0.29,down,False
2026-10-08,UNH,369.385009765625,0.0,up,40,ml,370.95001220703125,0.42,up,True
2026-10-08,XOM,168.92999267578125,0.31,up,42,ml,168.5,-0.25,down,False
2026-10-08,MA,576.3200073242188,0.02,up,40,ml,574.760009765625,-0.27,down,False
2026-10-08,JNJ,256.57000732421875,0.01,up,40,ml,256.4800109863281,-0.04,down,False
2026-10-08,PG,150.49000549316406,-0.0,up,40,ml,150.58999633789062,0.07,up,True
2026-10-08,HD,294.3800048828125,0.32,up,42,ml,295.4700012207031,0.37,up,True
2026-10-08,COST,951.9600219726562,0.02,up,40,ml,947.9199829101562,-0.42,down,False
2026-10-08,MRK,142.19000244140625,0.01,up,40,ml,142.3800048828125,0.13,up,True
2026-10-08,ABBV,271.614990234375,0.01,up,40,ml,272.4200134277344,0.3,up,True
2026-10-08,CVX,212.1539001464844,0.34,up,42,ml,211.5500030517578,-0.28,down,False
2026-10-08,PEP,127.16999816894533,0.07,up,40,ml,128.33999633789062,0.92,up,True
2026-10-08,KO,87.88140106201172,0.01,up,40,ml,87.7699966430664,-0.13,down,False
2026-10-08,ADBE,238.22999572753903,0.07,up,40,ml,241.0500030517578,1.18,up,True
2026-10-08,WMT,110.92990112304688,0.03,up,40,ml,110.55999755859376,-0.33,down,False
2026-10-08,BAC,53.3849983215332,0.03,up,40,ml,53.61000061035156,0.42,up,True
2026-10-08,CRM,225.5449981689453,0.05,up,40,ml,227.8000030517578,1.0,up,True
2026-10-08,NFLX,71.1500015258789,0.04,up,40,ml,71.56999969482422,0.59,up,True
2026-10-08,AMD,614.91162109375,-0.05,down,40,ml,620.6799926757812,0.94,up,False
2026-10-08,TMO,649.2100219726562,0.06,up,40,ml,651.97998046875,0.43,up,True
2026-10-08,ACN,205.13999938964844,0.85,up,47,ml,208.36000061035156,1.57,up,True
2026-10-08,MCD,236.80499267578125,0.03,up,40,ml,236.89999389648438,0.04,up,True
2026-10-08,LIN,481.43499755859375,0.0,up,40,ml,481.70001220703125,0.06,up,True
2026-10-08,CSCO,115.29000091552734,0.05,up,40,ml,114.88999938964844,-0.35,down,False
2026-10-08,ABT,98.46289825439452,-0.0,up,40,ml,98.48999786376953,0.03,up,True
2026-10-08,DHR,216.3600006103516,0.02,up,40,ml,217.4600067138672,0.51,up,True
2026-10-08,WFC,81.9198989868164,0.01,up,40,ml,82.02999877929688,0.13,up,True
2026-10-08,TXN,285.81500244140625,0.07,up,40,ml,288.20001220703125,0.83,up,True
2026-10-08,DIS,106.9800033569336,0.02,up,40,ml,107.0199966430664,0.04,up,True
2026-10-08,PM,201.9550018310547,0.45,up,43,ml,200.5,-0.72,down,False
2026-10-08,INTU,301.4949951171875,0.07,up,40,ml,303.8800048828125,0.79,up,True
2026-10-08,AMGN,406.8900146484375,0.02,up,40,ml,407.44000244140625,0.14,up,True
2026-10-08,VZ,46.47999954223633,0.0,up,40,ml,46.34999847412109,-0.28,down,False
2026-10-08,IBM,224.7100067138672,-0.0,up,40,ml,226.61000061035156,0.85,up,True
2026-10-08,CAT,793.2000122070312,0.05,up,40,ml,796.1799926757812,0.38,up,True
2026-10-08,GE,305.6099853515625,0.01,up,40,ml,305.6199951171875,0.0,up,True
2026-10-08,NOW,138.2449951171875,0.01,up,40,ml,139.75,1.09,up,True
2026-10-08,UNP,278.56500244140625,0.01,up,40,ml,278.20001220703125,-0.13,down,False
2026-10-08,NEE,77.08499908447266,-0.0,up,40,ml,77.37000274658203,0.37,up,True
2026-10-08,LOW,187.6499938964844,0.34,up,42,ml,188.85000610351562,0.64,up,True
2026-10-08,SPGI,401.5799865722656,0.02,up,40,ml,402.7300109863281,0.29,up,True
2026-10-08,RTX,184.10499572753903,0.01,up,40,ml,184.32000732421875,0.12,up,True
2026-10-08,HON,206.5200042724609,0.06,up,40,ml,206.60000610351562,0.04,up,True
2026-10-08,QCOM,174.60000610351562,0.12,up,41,ml,176.00999450683594,0.81,up,True
2026-10-08,BA,186.9850006103516,0.02,up,40,ml,187.75,0.41,up,True
2026-10-08,ISRG,415.3450012207031,0.02,up,40,ml,415.4100036621094,0.02,up,True
2026-10-08,ELV,403.2900085449219,0.04,up,40,ml,400.94000244140625,-0.58,down,False
2026-10-08,PLD,129.10499572753906,-0.0,up,40,ml,129.2899932861328,0.14,up,True
2026-10-08,GS,880.6849975585938,0.2,up,41,ml,882.5900268554688,0.22,up,True
2026-10-08,AMAT,506.0400085449219,0.1,up,40,ml,509.57000732421875,0.7,up,True
2026-10-08,DE,650.9522094726562,0.02,up,40,ml,652.5800170898438,0.25,up,True
2026-10-08,BKNG,159.8300018310547,0.07,up,40,ml,159.97000122070312,0.09,up,True
2026-10-08,SYK,276.6171875,0.03,up,40,ml,276.9700012207031,0.13,up,True
2026-10-08,BLK,1064.3499755859375,-0.0,up,40,ml,1065.3499755859375,0.09,up,True
2026-10-08,T,24.915000915527344,0.01,up,40,ml,24.8700008392334,-0.18,down,False
2026-10-08,MDT,87.61000061035156,-0.34,down,42,ml,87.75,0.16,up,False
2026-10-08,LMT,508.0299987792969,0.01,up,40,ml,507.8900146484375,-0.03,down,False
2026-10-08,ADP,270.3999938964844,0.04,up,40,ml,270.7300109863281,0.12,up,True
2026-10-08,GILD,147.0850067138672,0.01,up,40,ml,147.10000610351562,0.01,up,True
2026-10-08,MDLZ,60.665000915527344,0.03,up,40,ml,60.66999816894531,0.01,up,True
2026-10-08,C,127.8550033569336,0.01,up,40,ml,128.0800018310547,0.18,up,True
2026-10-08,TJX,138.88999938964844,0.05,up,40,ml,138.75,-0.1,down,False
2026-10-08,SBUX,91.25499725341795,0.11,up,40,ml,93.20999908447266,2.14,up,True
2026-10-08,ADI,404.2900085449219,0.06,up,40,ml,405.92999267578125,0.41,up,True
2026-10-08,VRTX,505.8800048828125,0.01,up,40,ml,503.25,-0.52,down,False
2026-10-08,CI,280.6549987792969,0.02,up,40,ml,281.0299987792969,0.13,up,True
2026-10-08,REGN,737.5374755859375,-0.01,down,40,ml,739.5700073242188,0.28,up,False
2026-10-08,PGR,219.3249969482422,0.03,up,40,ml,218.72999572753906,-0.27,down,False
2026-10-08,PANW,398.4700012207031,0.07,up,40,ml,398.5,0.01,up,True
2026-10-08,ETN,422.7749938964844,0.06,up,40,ml,424.510009765625,0.41,up,True
2026-10-08,MO,71.63999938964844,0.17,up,41,ml,71.41999816894531,-0.31,down,False
2026-10-08,BSX,41.93000030517578,0.01,up,40,ml,42.040000915527344,0.26,up,True
2026-10-08,ZTS,73.34500122070312,0.01,up,40,ml,73.08000183105469,-0.36,down,False
2026-10-08,SCHW,97.06999969482422,0.03,up,40,ml,96.87000274658203,-0.21,down,False
2026-10-08,CB,344.4349975585937,0.08,up,40,ml,343.7799987792969,-0.19,down,False
2026-10-08,SO,85.87000274658203,-0.0,up,40,ml,86.1500015258789,0.33,up,True
2026-10-08,BMY,59.84999847412109,0.0,up,40,ml,59.58000183105469,-0.45,down,False
2026-10-08,MU,1035.239990234375,-0.1,down,40,ml,1035.8399658203125,0.06,up,False
2026-10-08,DUK,116.33999633789062,-0.03,down,40,ml,116.83999633789062,0.43,up,False
2026-10-08,SLB,48.90999984741211,0.01,up,40,ml,48.97999954223633,0.14,up,True
2026-10-08,EQIX,1008.469970703125,0.1,up,40,ml,1011.1599731445312,0.27,up,True
2026-10-08,AON,276.6700134277344,0.14,up,41,ml,277.1199951171875,0.16,up,True
2026-10-08,CME,276.8500061035156,0.01,up,40,ml,276.44000244140625,-0.15,down,False
2026-10-08,ITW,264.5299987792969,0.01,up,40,ml,264.7099914550781,0.07,up,True
2026-10-08,PYPL,54.91999816894531,0.04,up,40,ml,55.02000045776367,0.18,up,True
2026-10-08,APD,278.364990234375,0.02,up,40,ml,278.3800048828125,0.01,up,True
2026-10-08,KLAC,195.4100036621093,0.05,up,40,ml,196.72000122070312,0.67,up,True
2026-10-09,AAPL,336.8099975585937,0.02,up,40,ml,,,down,False
2026-10-09,MSFT,535.1900024414062,0.03,up,40,ml,,,down,False
2026-10-09,GOOGL,351.4349975585937,0.01,up,40,ml,,,down,False
2026-10-09,AMZN,261.0249938964844,0.1,up,40,ml,,,down,False
2026-10-09,NVDA,229.55499267578125,-0.0,up,40,ml,,,down,False
2026-10-09,META,718.1199951171875,0.01,up,40,ml,,,down,False
2026-10-09,TSLA,384.3851013183594,0.01,up,40,ml,,,down,False
2026-10-09,LLY,1174.3719482421875,-0.0,up,40,ml,,,down,False
2026-10-09,AVGO,361.9700012207031,-0.01,down,40,ml,,,down,True
2026-10-09,JPM,332.9599914550781,0.05,up,40,ml,,,down,False
2026-10-09,V,385.2999877929688,0.07,up,40,ml,,,down,False
2026-10-09,UNH,381.7250061035156,0.07,up,40,ml,,,down,False
2026-10-09,XOM,168.8350067138672,0.01,up,40,ml,,,down,False
2026-10-09,MA,588.0800170898438,0.05,up,40,ml,,,down,False
2026-10-09,JNJ,260.32000732421875,-0.0,up,40,ml,,,down,False
2026-10-09,PG,151.2449951171875,0.0,up,40,ml,,,down,False
2026-10-09,HD,291.4549865722656,0.04,up,40,ml,,,down,False
2026-10-09,COST,946.635009765625,-0.02,down,40,ml,,,down,True
2026-10-09,MRK,146.13999938964844,0.08,up,40,ml,,,down,False
2026-10-09,ABBV,276.3699951171875,0.0,up,40,ml,,,down,False
2026-10-09,CVX,212.1300048828125,0.05,up,40,ml,,,down,False
2026-10-09,PEP,125.85440063476562,0.05,up,40,ml,,,down,False
2026-10-09,KO,88.44550323486328,-0.0,up,40,ml,,,down,False
2026-10-09,ADBE,242.9750061035156,0.02,up,40,ml,,,down,False
2026-10-09,WMT,111.36499786376952,-0.03,down,40,ml,,,down,True
2026-10-09,BAC,54.23500061035156,0.03,up,40,ml,,,down,False
2026-10-09,CRM,229.16000366210935,0.05,up,40,ml,,,down,False
2026-10-09,NFLX,70.48500061035156,0.03,up,40,ml,,,down,False
2026-10-09,AMD,611.72998046875,0.01,up,40,ml,,,down,False
2026-10-09,TMO,660.5900268554688,0.0,up,40,ml,,,down,False
2026-10-09,ACN,207.1199951171875,0.11,up,40,ml,,,down,False
2026-10-09,MCD,236.30999755859372,0.01,up,40,ml,,,down,False
2026-10-09,LIN,484.55999755859375,-0.0,up,40,ml,,,down,False
2026-10-09,CSCO,118.18000030517578,0.14,up,41,ml,,,down,False
2026-10-09,ABT,99.3010025024414,0.0,up,40,ml,,,down,False
2026-10-09,DHR,220.7899932861328,0.02,up,40,ml,,,down,False
2026-10-09,WFC,83.56999969482422,0.02,up,40,ml,,,down,False
2026-10-09,TXN,283.5849914550781,0.06,up,40,ml,,,down,False
2026-10-09,DIS,107.83499908447266,-0.0,up,40,ml,,,down,False
2026-10-09,PM,200.2700042724609,-0.05,down,40,ml,,,down,True
2026-10-09,INTU,302.9599914550781,0.02,up,40,ml,,,down,False
2026-10-09,AMGN,417.0,0.04,up,40,ml,,,down,False
2026-10-09,VZ,41.334999084472656,-1.41,down,52,ml,,,down,True
2026-10-09,IBM,227.08999633789065,0.01,up,40,ml,,,down,False
2026-10-09,CAT,802.4249877929688,-0.01,down,40,ml,,,down,True
2026-10-09,GE,306.8890075683594,0.01,up,40,ml,,,down,False
2026-10-09,NOW,140.72000122070312,0.02,up,40,ml,,,down,False
2026-10-09,UNP,278.7850036621094,0.05,up,40,ml,,,down,False
2026-10-09,NEE,77.37000274658203,0.01,up,40,ml,,,down,False
2026-10-09,LOW,186.0,0.06,up,40,ml,,,down,False
2026-10-09,SPGI,406.4949951171875,0.04,up,40,ml,,,down,False
2026-10-09,RTX,185.3600006103516,0.01,up,40,ml,,,down,False
2026-10-09,HON,208.0,0.05,up,40,ml,,,down,False
2026-10-09,QCOM,174.02999877929688,0.08,up,40,ml,,,down,False
2026-10-09,BA,189.8401031494141,0.05,up,40,ml,,,down,False
2026-10-09,ISRG,426.3349914550781,0.22,up,41,ml,,,down,False
2026-10-09,ELV,415.7099914550781,0.38,up,43,ml,,,down,False
2026-10-09,PLD,129.49749755859375,0.01,up,40,ml,,,down,False
2026-10-09,GS,896.0300903320312,0.38,up,43,ml,,,down,False
2026-10-09,AMAT,507.8800048828125,0.07,up,40,ml,,,down,False
2026-10-09,DE,630.5999755859375,0.1,up,40,ml,,,down,False
2026-10-09,BKNG,160.27000427246094,0.05,up,40,ml,,,down,False
2026-10-09,SYK,277.3599853515625,0.01,up,40,ml,,,down,False
2026-10-09,BLK,1081.469970703125,0.01,up,40,ml,,,down,False
2026-10-09,T,22.114999771118164,-1.23,down,50,ml,,,down,True
2026-10-09,MDT,88.44000244140625,-0.35,down,42,ml,,,down,True
2026-10-09,LMT,507.3750915527344,0.01,up,40,ml,,,down,False
2026-10-09,ADP,271.8999938964844,0.06,up,40,ml,,,down,False
2026-10-09,GILD,150.94000244140625,0.03,up,40,ml,,,down,False
2026-10-09,MDLZ,60.65499877929688,0.02,up,40,ml,,,down,False
2026-10-09,C,129.42999267578125,0.01,up,40,ml,,,down,False
2026-10-09,TJX,139.1649932861328,0.05,up,40,ml,,,down,False
2026-10-09,SBUX,91.88999938964844,0.07,up,40,ml,,,down,False
2026-10-09,ADI,403.1900024414063,0.06,up,40,ml,,,down,False
2026-10-09,VRTX,511.3299865722656,-0.0,up,40,ml,,,down,False
2026-10-09,CI,282.8599853515625,0.02,up,40,ml,,,down,False
2026-10-09,REGN,746.1099853515625,-0.01,down,40,ml,,,down,True
2026-10-09,PGR,218.2400054931641,0.04,up,40,ml,,,down,False
2026-10-09,PANW,417.875,1.11,up,49,ml,,,down,False
2026-10-09,ETN,430.3349914550781,0.01,up,40,ml,,,down,False
2026-10-09,MO,71.79000091552734,-0.0,up,40,ml,,,down,False
2026-10-09,BSX,42.32500076293945,0.01,up,40,ml,,,down,False
2026-10-09,ZTS,74.44999694824219,-0.05,down,40,ml,,,down,True
2026-10-09,SCHW,97.1999969482422,0.07,up,40,ml,,,down,False
2026-10-09,CB,342.5199890136719,0.02,up,40,ml,,,down,False
2026-10-09,SO,85.95999908447266,-0.01,down,40,ml,,,down,True
2026-10-09,BMY,59.209999084472656,0.0,up,40,ml,,,down,False
2026-10-09,MU,1033.0999755859375,-0.05,down,40,ml,,,down,True
2026-10-09,DUK,116.66000366210938,-0.03,down,40,ml,,,down,True
2026-10-09,SLB,48.915000915527344,0.0,up,40,ml,,,down,False
2026-10-09,EQIX,1021.239990234375,0.03,up,40,ml,,,down,False
2026-10-09,AON,273.8599853515625,0.21,up,41,ml,,,down,False
2026-10-09,CME,280.4800109863281,0.02,up,40,ml,,,down,False
2026-10-09,ITW,264.8699951171875,0.01,up,40,ml,,,down,False
2026-10-09,PYPL,55.38999938964844,0.04,up,40,ml,,,down,False
2026-10-09,APD,281.6300048828125,0.05,up,40,ml,,,down,False
2026-10-09,KLAC,196.1199951171875,0.04,up,40,ml,,,down,False
